Time,S_0,S_1,S_2,S_3,S_4,S_5,S_6,S_7,S_8,S_9,S_10,S_11,S_12,S_13,S_14,S_15,S_16,S_17,S_18,S_19,S_20,S_21,S_22,S_23,Total
2026-01-31 12:43:50,1000.0,1000.0,1000.0,1000.0,1000.0,1000.0,1000.0,1000.0,1000.0,1000.0,1000.0,1000.0,1001.66,1000.0,1000.0,1000.0,1000.0,1000.0,1000.0,1000.0,1000.0,1000.0,1000.0,1000.0,24001.66
2026-01-31 13:10:43,1000.0,1000.0,1000.0,1000.0,1000.0,1000.0,1000.0,1000.0,1000.0,1000.0,1000.0,1000.0,985.09,1000.0,1000.0,1000.0,1000.0,1000.0,1000.0,1000.0,1000.0,1000.0,1000.0,1000.0,23985.09
2026-01-31 13:18:24,1000.0,1000.0,1000.0,1000.0,1000.0,1000.0,1000.0,1000.0,1000.0,1000.0,1000.0,1000.0,991.74,1007.42,1000.0,1000.0,1000.0,1000.0,1000.0,1000.0,1000.0,1000.0,1000.0,1000.0,23999.16
2026-01-31 13:28:40,1000.0,1000.0,1000.0,1000.0,1000.0,1000.0,1000.0,1000.0,1000.0,1000.0,1000.0,1000.0,1016.92,1032.46,1000.0,1000.0,1000.0,1000.0,1000.0,1000.0,1000.0,1000.0,1000.0,1000.0,24049.38
2026-01-31 13:29:26,1000.0,1000.0,1000.0,1000.0,1000.0,1000.0,1000.0,1000.0,1000.0,1000.0,1000.0,1000.0,1016.83,1032.28,1000.0,1000.0,1000.0,1000.0,1000.0,1000.0,1000.0,1000.0,1000.0,1000.0,24049.11
2026-01-31 13:30:57,1000.0,1000.0,1000.0,1000.0,1000.0,1000.0,1000.0,1000.0,1000.0,1000.0,1000.0,1000.0,1023.53,1037.62,1000.0,1000.0,1000.0,1000.0,1000.0,1000.0,1000.0,1000.0,1000.0,1000.0,24061.14
2026-01-31 13:57:51,1000.0,1000.0,1000.0,1000.0,1000.0,1000.0,1000.0,1000.0,1000.0,1000.0,1000.0,1000.0,1053.61,1073.89,1000.0,1000.0,1000.0,1000.0,1000.0,1000.0,1000.0,1000.0,1000.0,1000.0,24127.5
2026-01-31 14:04:19,1000.0,1000.0,1000.0,1000.0,1000.0,1000.0,1000.0,1000.0,1000.0,1000.0,1000.0,1000.0,1015.48,1034.16,1000.0,1000.0,1000.0,1000.0,1000.0,1000.0,1000.0,1000.0,1000.0,1000.0,24049.64
2026-01-31 14:26:16,1000.0,1000.0,1000.0,1000.0,1000.0,1000.0,1000.0,1000.0,1000.0,1000.0,1000.0,1000.0,987.38,1013.3,1022.73,1000.0,1000.0,1000.0,1000.0,1000.0,1000.0,1000.0,1000.0,1000.0,24023.41
2026-01-31 14:49:52,1000.0,1000.0,1000.0,1000.0,1000.0,1000.0,1000.0,1000.0,1000.0,1000.0,1000.0,1000.0,989.49,999.16,1011.3,1000.0,1000.0,1000.0,1000.0,1000.0,1000.0,1000.0,1000.0,1000.0,23999.95
2026-01-31 15:18:47,1000.0,1000.0,1000.0,1000.0,1000.0,1000.0,1000.0,1000.0,1000.0,1000.0,1000.0,1000.0,953.31,971.48,973.45,1000.0,1000.0,1000.0,1000.0,1000.0,1000.0,1000.0,1000.0,1000.0,23898.25
2026-01-31 15:45:41,1000.0,1000.0,1000.0,1000.0,1000.0,1000.0,1000.0,1000.0,1000.0,1000.0,1000.0,1000.0,875.43,918.92,991.94,947.97,1000.0,1000.0,1000.0,1000.0,1000.0,1000.0,1000.0,1000.0,23734.26
2026-01-31 15:59:13,1000.0,1000.0,1000.0,1000.0,1000.0,1000.0,1000.0,1000.0,1000.0,1000.0,1000.0,1000.0,825.11,872.75,1001.21,903.36,1000.0,1000.0,1000.0,1000.0,1000.0,1000.0,1000.0,1000.0,23602.44
2026-01-31 16:34:54,1000.0,1000.0,1000.0,1000.0,1000.0,1000.0,1000.0,1000.0,1000.0,1000.0,1000.0,1000.0,793.45,856.48,980.87,872.53,1000.0,1000.0,1000.0,1000.0,1000.0,1000.0,1000.0,1000.0,23503.33
2026-01-31 17:00:56,1000.0,1000.0,1000.0,1000.0,1000.0,1000.0,1000.0,1000.0,1000.0,1000.0,1000.0,1000.0,844.18,904.57,1007.46,918.91,1049.56,1000.0,1000.0,1000.0,1000.0,1000.0,1000.0,1000.0,23724.67
2026-01-31 17:32:54,1000.0,1000.0,1000.0,1000.0,1000.0,1000.0,1000.0,1000.0,1000.0,1000.0,1000.0,1000.0,860.25,922.83,1103.21,932.99,1092.72,1038.07,1000.0,1000.0,1000.0,1000.0,1000.0,1000.0,23950.06
2026-01-31 17:57:04,1000.0,1000.0,1000.0,1000.0,1000.0,1000.0,1000.0,1000.0,1000.0,1000.0,1000.0,1000.0,823.03,891.12,1130.86,893.23,1069.93,1008.26,1000.0,1000.0,1000.0,1000.0,1000.0,1000.0,23816.44
2026-01-31 18:31:20,1000.0,1000.0,1000.0,1000.0,1000.0,1000.0,1000.0,1000.0,1000.0,1000.0,1000.0,1000.0,808.79,909.87,1151.85,909.49,1086.43,1030.52,1000.0,1000.0,1000.0,1000.0,1000.0,1000.0,23896.96
2026-01-31 19:02:30,1000.0,1000.0,1000.0,1000.0,1000.0,1000.0,1000.0,1000.0,1000.0,1000.0,1000.0,1000.0,828.83,931.56,1184.52,917.96,1104.29,1051.99,1018.85,1000.0,1000.0,1000.0,1000.0,1000.0,24038.0
2026-01-31 19:33:13,1000.0,1000.0,1000.0,1000.0,1000.0,1000.0,1000.0,1000.0,1000.0,1000.0,1000.0,1000.0,792.2,874.53,1143.56,875.12,1063.15,1008.68,1002.97,973.38,1000.0,1000.0,1000.0,1000.0,23733.58
2026-01-31 19:52:50,1000.0,1000.0,1000.0,1000.0,1000.0,1000.0,1000.0,1000.0,1000.0,1000.0,1000.0,1000.0,781.29,877.44,1143.85,871.2,1057.76,1006.86,992.88,966.28,1000.0,1000.0,1000.0,1000.0,23697.57
2026-01-31 20:20:52,1000.0,1000.0,1000.0,1000.0,1000.0,1000.0,1000.0,1000.0,1000.0,1000.0,1000.0,1000.0,781.32,859.04,1142.98,866.41,1061.38,1010.92,1011.24,992.47,1000.0,1000.0,1000.0,1000.0,23725.76
2026-01-31 20:48:42,1000.0,1000.0,1000.0,1000.0,1000.0,1000.0,1000.0,1000.0,1000.0,1000.0,1000.0,1000.0,733.34,805.45,1119.43,811.23,1021.49,969.79,976.54,966.88,976.44,1000.0,1000.0,1000.0,23380.57
2026-01-31 21:18:23,1000.0,1000.0,1000.0,1000.0,1000.0,1000.0,1000.0,1000.0,1000.0,1000.0,1000.0,1000.0,727.1,804.03,1081.32,813.65,998.76,947.65,988.93,977.14,984.51,1000.0,1000.0,1000.0,23323.08
2026-01-31 21:44:36,1000.0,1000.0,1000.0,1000.0,1000.0,1000.0,1000.0,1000.0,1000.0,1000.0,1000.0,1000.0,671.27,728.71,1048.5,723.37,947.73,890.55,944.92,935.18,941.29,966.41,1000.0,1000.0,22797.93
2026-01-31 21:56:18,1000.0,1000.0,1000.0,1000.0,1000.0,1000.0,1000.0,1000.0,1000.0,1000.0,1000.0,1000.0,622.6,688.54,1031.73,670.73,904.18,848.55,915.76,905.69,915.18,939.9,1000.0,1000.0,22442.86
2026-01-31 22:19:43,1000.0,1000.0,1000.0,1000.0,1000.0,1000.0,1000.0,1000.0,1000.0,1000.0,1000.0,1000.0,586.78,622.52,999.09,638.78,866.72,811.25,889.22,880.69,891.75,917.58,1000.0,1000.0,22104.37
2026-01-31 22:48:46,1000.0,1000.0,1000.0,1000.0,1000.0,1000.0,1000.0,1000.0,1000.0,1000.0,1000.0,1000.0,525.59,552.52,942.53,580.03,793.79,734.24,831.6,822.58,831.39,862.22,912.35,1000.0,21388.82
2026-01-31 23:19:09,1000.0,1000.0,1000.0,1000.0,1000.0,1000.0,1000.0,1000.0,1000.0,1000.0,1000.0,1000.0,490.01,484.54,860.63,483.26,720.57,660.7,752.55,745.69,753.06,776.91,807.95,1000.0,20535.88
2026-01-31 23:45:10,1000.0,1000.0,1000.0,1000.0,1000.0,1000.0,1000.0,1000.0,1000.0,1000.0,1000.0,1000.0,327.6,309.54,712.89,361.75,570.71,496.02,674.68,665.14,673.04,651.12,678.76,876.64,18997.89
2026-01-31 23:58:02,1000.0,1000.0,1000.0,1000.0,1000.0,1000.0,1000.0,1000.0,1000.0,1000.0,1000.0,1000.0,208.88,211.67,678.81,258.35,489.19,412.31,614.32,607.38,615.59,587.23,635.66,834.85,18154.23
2026-02-01 02:23:26,1000.0,1000.0,1000.0,1000.0,1000.0,1000.0,1000.0,1000.0,1000.0,1000.0,1000.0,1000.0,468.31,392.11,888.89,434.83,722.51,675.15,725.78,719.55,728.44,774.15,903.69,1080.68,20514.1
2026-02-01 04:40:58,1000.0,1000.0,999.11,1000.0,1000.0,1000.0,1000.0,1000.0,1000.0,1000.0,1000.0,1000.0,538.72,366.96,937.31,391.6,728.14,681.22,637.87,644.99,661.4,717.14,958.95,1127.58,20391.01
2026-02-01 05:50:12,1000.0,1000.0,969.9,1000.0,995.35,1000.0,1000.0,1000.0,1000.0,1000.0,1000.0,1000.0,365.2,205.99,917.7,241.66,586.5,546.37,581.51,583.03,610.29,670.58,879.39,1057.73,19211.19
2026-02-01 06:45:07,1000.0,1000.0,974.54,1000.0,964.81,974.04,1000.0,1000.0,1000.0,1000.0,1000.0,1000.0,348.26,249.17,935.39,281.56,624.68,579.48,618.41,619.85,638.67,688.18,905.7,1069.04,19471.79
2026-02-01 06:50:52,1000.0,1000.0,978.14,1000.0,979.41,991.74,1016.97,1000.0,1000.0,1000.0,1000.0,1000.0,340.2,247.82,939.29,281.78,619.9,575.68,622.9,623.54,640.63,690.55,905.02,1066.72,19520.29
2026-02-01 07:28:47,1000.0,1000.0,962.06,1000.0,969.57,994.19,1028.79,1000.0,1000.0,1000.0,1000.0,1000.0,355.04,261.51,928.05,284.55,600.44,576.0,630.26,617.47,623.91,679.84,907.72,1068.96,19488.38
2026-02-01 07:57:29,1000.0,1000.0,973.15,1000.0,988.04,1026.65,1047.61,1027.39,1000.0,1000.0,1000.0,1000.0,354.62,260.72,921.56,287.48,607.54,572.21,619.65,612.11,616.52,670.77,899.48,1061.25,19546.73
2026-02-01 08:29:30,1000.0,1000.0,939.3,1000.0,976.75,1035.7,1045.62,1021.42,1000.0,1000.0,1000.0,1000.0,251.54,139.03,886.34,182.51,519.79,464.74,534.79,523.03,539.08,595.33,826.69,986.35,18468.02
2026-02-01 08:58:59,1000.0,1000.0,872.35,1000.0,872.72,946.17,945.2,939.86,957.02,1000.0,1000.0,1000.0,116.84,0.0,870.71,0.0,433.71,374.73,472.34,462.24,472.67,534.43,709.74,906.25,16886.97
2026-02-01 09:11:19,1000.0,1000.0,882.64,1000.0,884.71,954.15,957.76,946.94,966.92,1000.0,1000.0,1000.0,126.22,0.0,850.13,0.0,441.9,375.93,475.2,472.03,482.28,541.94,713.4,908.62,16980.76
2026-02-01 09:33:17,1000.0,1000.0,919.42,1000.0,897.58,972.49,975.9,962.7,1000.54,1016.18,1000.0,1000.0,162.9,0.0,906.12,0.0,499.57,428.74,509.59,514.15,522.99,582.23,767.76,956.53,17595.38
2026-02-01 10:04:12,1000.0,1000.0,1024.03,1000.0,998.25,1065.79,1072.45,1055.89,1085.6,1093.67,1000.0,1000.0,350.45,0.0,874.62,0.0,619.4,549.31,623.1,622.75,623.47,681.85,840.38,1025.9,19206.92
2026-02-01 10:30:51,1000.0,1000.0,981.05,1000.0,962.6,1046.2,1043.79,1031.34,1089.12,1071.77,954.6,1000.0,195.6,0.0,880.52,0.0,538.99,450.33,531.44,513.96,520.4,589.69,781.93,966.82,18150.16
2026-02-01 10:56:40,1000.0,1000.0,1042.02,1000.0,1052.04,1140.5,1127.95,1125.59,1183.81,1158.06,1046.79,1000.0,293.06,0.0,901.7,0.0,611.2,530.41,578.14,558.42,570.22,644.39,835.25,1012.87,19412.43
2026-02-01 11:20:39,1000.0,1000.0,1096.99,1000.0,1111.45,1195.26,1183.12,1177.83,1219.32,1207.65,1100.87,1000.0,380.45,0.0,918.72,0.0,677.03,593.49,625.68,606.3,614.95,688.17,880.96,1064.24,20342.48
2026-02-01 11:45:54,1000.0,1000.0,1096.49,1000.0,1118.52,1199.45,1198.99,1178.09,1225.95,1218.81,1111.44,1008.56,284.94,0.0,955.04,0.0,642.55,544.75,604.05,581.77,591.0,669.24,872.26,1062.11,20164.02
2026-02-01 11:57:54,1000.0,1000.0,1127.47,1000.0,1161.27,1250.63,1242.46,1235.06,1269.22,1264.87,1148.72,1044.05,325.39,0.0,970.64,0.0,687.63,587.26,636.19,613.64,618.56,696.88,897.0,1080.18,20857.12
2026-02-01 12:47:45,1000.0,1000.0,1089.77,1000.0,1143.22,1239.69,1231.7,1217.81,1271.48,1255.69,1138.7,1031.43,254.52,0.0,962.8,0.0,631.41,537.61,597.5,562.36,571.6,662.52,872.02,1056.14,20327.97
2026-02-01 13:33:27,1000.0,1000.0,1055.18,1000.0,1138.68,1241.21,1228.16,1213.34,1278.57,1277.79,1160.25,987.6,245.03,0.0,964.83,0.0,618.63,524.27,582.12,532.46,540.83,635.99,855.55,1038.12,20118.64
2026-02-01 14:05:12,1000.0,1000.0,1072.23,1000.0,1133.5,1238.0,1222.84,1212.56,1284.33,1279.7,1168.14,1008.27,248.65,0.0,994.73,0.0,642.59,553.67,596.9,545.75,552.94,652.07,870.51,1061.28,20338.67
2026-02-01 14:46:53,1000.0,1000.0,1091.95,1000.0,1157.2,1268.3,1243.74,1249.49,1315.02,1306.37,1185.1,1019.33,254.11,0.0,1000.19,0.0,692.6,601.38,623.13,575.2,583.41,681.54,907.29,1084.27,20839.64
2026-02-01 15:02:53,1000.0,1000.0,1087.57,1000.0,1163.65,1272.8,1246.94,1250.59,1312.87,1306.37,1182.27,1014.98,251.19,0.0,991.84,0.0,678.07,584.94,616.71,568.17,577.4,673.93,886.05,1059.02,20725.36
2026-02-01 15:36:35,1000.0,1000.0,1113.99,1000.0,1198.94,1305.65,1281.63,1280.39,1343.8,1331.37,1210.08,1040.24,255.66,0.0,1007.7,0.0,717.75,626.9,650.4,603.67,621.08,713.35,944.47,1089.53,21336.61
2026-02-01 15:58:50,1000.0,1000.0,1125.3,1000.0,1214.23,1321.23,1292.65,1301.42,1375.42,1357.56,1223.74,1038.22,256.91,0.0,1007.41,0.0,737.84,643.1,651.01,602.14,622.73,715.46,972.43,1108.89,21567.69
2026-02-01 16:31:04,1000.0,1000.0,1230.29,1000.0,1290.32,1382.95,1361.74,1370.09,1446.21,1412.93,1297.13,1128.4,277.94,0.0,1097.42,0.0,892.77,805.56,787.73,734.12,743.69,837.93,1079.83,1217.45,23394.49
2026-02-01 16:58:06,1000.0,1000.0,1280.33,1000.0,1331.68,1409.54,1398.81,1399.86,1469.82,1434.53,1340.37,1173.37,288.36,0.0,1138.43,0.0,956.99,881.1,849.61,792.97,800.48,897.93,1142.76,1272.81,24259.75
2026-02-01 17:25:16,1000.0,1000.0,1397.6,1000.0,1437.79,1496.26,1483.52,1486.96,1552.13,1505.34,1429.76,1262.66,307.84,0.0,1215.93,0.0,1070.49,1113.29,1006.33,943.95,943.02,1038.17,1223.61,1397.67,26312.32
2026-02-01 17:52:06,1000.0,1000.0,1464.05,1000.0,1509.68,1556.31,1553.19,1550.42,1602.11,1555.93,1495.24,1330.66,321.52,0.0,1274.83,0.0,1129.4,1144.45,1098.31,1044.19,1038.33,1130.04,1294.05,1466.36,27559.07
2026-02-01 18:31:07,1000.0,1000.0,1439.55,1000.0,1484.16,1525.41,1522.51,1520.92,1566.24,1523.88,1460.52,1302.73,316.38,0.0,1253.35,0.0,1099.19,1086.6,1071.97,1015.62,1007.94,1094.13,1264.41,1431.72,26987.23
2026-02-01 19:03:46,1000.0,1000.0,1473.18,1000.0,1519.38,1560.03,1553.37,1554.02,1594.07,1551.43,1493.46,1355.69,329.63,0.0,1304.86,0.0,1145.01,1132.91,1128.91,1065.97,1051.3,1130.32,1310.79,1478.57,27732.91
2026-02-01 19:38:45,1000.0,1000.0,1520.03,1000.0,1568.27,1597.68,1606.47,1571.22,1623.52,1575.02,1535.65,1404.11,341.48,0.0,1367.58,0.0,1199.2,1161.39,1164.73,1101.5,1112.22,1187.62,1375.28,1540.12,28553.11
2026-02-01 19:56:19,1000.0,1000.0,1552.95,1000.0,1587.8,1617.88,1622.63,1613.4,1658.16,1612.43,1571.91,1438.1,352.36,0.0,1396.1,0.0,1216.78,1183.23,1187.33,1122.39,1129.79,1213.11,1394.18,1561.9,29032.43
2026-02-01 20:22:38,1000.0,1000.0,1539.62,1000.0,1575.94,1614.16,1614.46,1604.76,1651.74,1605.24,1559.96,1423.07,349.02,0.0,1385.85,0.0,1209.51,1160.81,1170.42,1109.22,1114.13,1197.63,1376.07,1551.1,28812.69
2026-02-01 20:51:44,1000.0,1000.0,1550.12,1000.0,1580.07,1614.66,1618.76,1601.74,1657.96,1608.67,1570.29,1426.87,349.93,0.0,1388.04,0.0,1207.01,1166.75,1171.67,1116.59,1117.5,1191.39,1370.05,1546.51,28854.59
2026-02-01 21:21:29,1000.0,1000.0,1564.12,1000.0,1594.01,1630.1,1637.75,1619.47,1663.77,1611.78,1575.38,1444.7,354.48,0.0,1407.51,0.0,1218.19,1178.82,1179.9,1110.32,1130.38,1204.48,1394.96,1568.15,29088.27
2026-02-01 21:47:04,1000.0,1000.0,1543.42,1000.0,1583.27,1621.74,1625.73,1611.85,1647.65,1601.98,1569.81,1439.44,353.17,0.0,1403.64,0.0,1218.07,1178.09,1177.45,1109.99,1133.1,1226.51,1411.28,1554.98,29011.17
2026-02-01 22:02:49,1000.0,1000.0,1542.6,1000.0,1587.98,1627.18,1632.22,1610.63,1646.61,1603.85,1573.0,1440.13,353.21,0.0,1409.49,0.0,1219.13,1176.47,1175.67,1112.97,1131.18,1238.25,1401.64,1559.37,29041.58
2026-02-01 22:29:04,1000.0,1000.0,1548.54,1000.0,1588.62,1627.25,1633.51,1611.23,1644.83,1601.88,1573.32,1444.49,352.91,0.0,1410.65,0.0,1220.43,1175.02,1169.93,1103.18,1131.14,1249.95,1403.14,1550.23,29040.25
2026-02-01 22:52:42,1000.0,1000.0,1526.04,1000.0,1574.75,1610.61,1619.04,1587.72,1622.83,1581.16,1555.31,1421.5,347.16,0.0,1394.52,0.0,1212.2,1149.39,1139.24,1076.66,1093.87,1222.83,1375.42,1542.51,28652.74
2026-02-01 23:22:48,1000.0,1000.0,1542.21,1000.0,1607.15,1646.32,1652.23,1617.44,1648.29,1610.28,1589.26,1450.89,352.99,0.0,1423.08,0.0,1241.14,1202.79,1183.83,1130.45,1158.75,1280.6,1436.51,1545.85,29320.06
2026-02-01 23:49:47,1000.0,1000.0,1496.49,1000.0,1564.17,1606.99,1609.87,1569.09,1610.23,1564.01,1537.93,1388.6,337.43,0.0,1367.25,0.0,1204.34,1150.26,1138.86,1081.13,1103.83,1222.57,1370.05,1467.1,28390.18
2026-02-02 01:49:25,1000.0,1000.0,1447.69,1000.0,1549.47,1580.01,1587.48,1491.15,1542.36,1508.11,1477.59,1300.0,311.31,0.0,1317.78,0.0,1188.5,1148.83,1136.71,1084.74,1097.3,1264.27,1419.32,1442.02,27894.63
2026-02-02 02:08:37,1000.0,1016.45,1447.93,1000.0,1551.08,1589.28,1594.91,1504.09,1545.2,1521.98,1489.62,1304.11,311.88,0.0,1309.79,0.0,1199.78,1164.11,1146.77,1098.88,1114.27,1285.31,1442.26,1456.88,28094.58,24000.0
2026-02-02 02:18:36,1000.0,1017.02,1474.2,1000.0,1556.01,1591.99,1599.64,1504.96,1548.16,1522.97,1491.75,1307.44,312.67,0.0,1314.65,0.0,1208.8,1175.96,1160.03,1112.11,1127.43,1303.44,1461.19,1482.22,28272.65,24000.0
2026-02-02 04:24:06,1000.0,1132.76,1699.04,1000.0,1585.96,1640.45,1644.8,1627.52,1638.6,1635.9,1614.14,1436.93,341.22,0.0,1363.44,0.0,1303.77,1293.75,1269.23,1231.99,1261.21,1439.96,1620.64,1685.79,30467.1,24000.0
2026-02-02 05:47:22,1000.0,1202.18,1814.98,1000.0,1695.54,1717.47,1706.12,1721.5,1723.62,1729.22,1688.51,1522.43,364.66,0.0,1436.85,0.0,1342.3,1366.8,1341.53,1313.19,1334.15,1520.07,1712.58,1803.4,32057.12,24000.0
2026-02-02 07:00:38,1000.0,1179.39,1770.93,1000.0,1661.42,1692.6,1676.02,1687.12,1697.19,1698.07,1656.82,1481.8,354.44,0.0,1404.62,0.0,1326.61,1340.13,1318.56,1293.23,1306.1,1504.55,1690.26,1777.56,31517.42,24000.0
2026-02-02 07:53:35,1000.0,1165.39,1772.97,1000.0,1679.57,1647.88,1704.45,1667.95,1740.52,1738.98,1695.22,1513.4,363.52,0.0,1425.49,0.0,1338.2,1354.82,1336.42,1303.04,1313.47,1503.37,1699.19,1760.33,31724.18,24000.0
2026-02-02 08:40:11,1000.0,1170.42,1760.81,1000.0,1689.0,1688.57,1713.82,1705.07,1739.24,1742.79,1695.57,1522.06,364.28,0.0,1424.08,0.0,1348.14,1366.14,1342.82,1304.43,1316.06,1515.43,1707.09,1758.33,31874.15,24000.0
2026-02-02 09:32:55,1000.0,1169.07,1769.91,1000.0,1643.87,1665.1,1692.24,1691.34,1766.47,1720.36,1683.5,1516.95,362.31,0.0,1415.16,0.0,1346.42,1367.16,1341.6,1308.37,1326.43,1538.23,1733.59,1773.64,31831.72,24000.0
2026-02-02 10:28:26,1000.0,1110.14,1680.68,1000.0,1581.95,1592.26,1696.42,1608.06,1664.04,1634.29,1678.04,1494.21,356.58,0.0,1405.33,0.0,1323.3,1322.96,1302.71,1264.04,1279.56,1492.7,1679.14,1706.87,30873.28,24000.0
2026-02-02 11:14:12,1000.0,1109.26,1685.82,1000.0,1579.53,1587.15,1696.4,1500.77,1680.45,1515.25,1708.43,1487.6,355.33,0.0,1410.46,0.0,1310.5,1320.24,1303.38,1253.32,1269.11,1496.54,1680.15,1709.55,30659.25,24000.0
2026-02-02 11:52:57,1000.0,1080.61,1640.58,1000.0,1505.07,1507.77,1711.76,1415.2,1604.17,1416.29,1655.18,1423.96,350.86,0.0,1387.27,0.0,1292.77,1295.06,1276.9,1222.61,1246.3,1472.06,1650.21,1665.12,29819.73,24000.0
2026-02-02 12:52:16,1000.0,1017.41,1548.35,1000.0,1404.78,1382.75,1716.2,1246.52,1481.27,1236.76,1546.07,1294.9,336.61,0.0,1345.21,0.0,1271.38,1246.36,1219.6,1169.68,1190.41,1423.62,1594.34,1599.65,28271.86,24000.0
2026-02-02 14:02:22,1000.0,1124.98,1715.5,1000.0,1551.14,1583.07,1714.77,1446.89,1679.3,1458.3,1763.96,1487.44,367.25,0.0,1453.71,0.0,1383.76,1368.96,1339.57,1301.3,1334.08,1588.62,1777.12,1793.67,31233.39,24000.0
2026-02-02 14:52:24,1000.0,1099.59,1691.26,1000.0,1503.44,1518.1,1730.96,1414.5,1613.61,1387.14,1706.01,1433.31,354.67,0.0,1379.56,0.0,1382.85,1360.42,1333.03,1298.2,1337.82,1593.62,1777.21,1752.92,30668.22,24000.0
2026-02-02 15:37:09,1000.0,1086.42,1670.21,1000.0,1490.57,1509.43,1699.31,1416.48,1631.78,1404.59,1719.18,1451.63,361.55,0.0,1386.48,1000.0,1356.19,1310.4,1286.44,1252.22,1291.65,1549.46,1722.0,1714.19,31310.19,25000.0
2026-02-02 16:07:57,1000.0,1081.01,1664.56,1000.0,1498.2,1522.34,1672.11,1431.78,1639.74,1433.75,1722.71,1461.88,366.15,0.0,1424.52,1005.74,1336.03,1282.75,1260.36,1224.86,1261.56,1526.32,1701.45,1682.82,31200.62,25000.0
2026-02-02 17:04:39,1000.0,1041.48,1596.34,1000.0,1482.47,1496.02,1655.53,1414.67,1600.03,1426.46,1682.37,1452.38,361.49,0.0,1428.92,1006.71,1337.73,1233.87,1204.5,1167.43,1214.95,1470.36,1634.24,1592.9,30500.84,25000.0
2026-02-02 18:00:07,1000.0,1045.6,1615.79,1000.0,1494.33,1510.52,1638.54,1498.26,1624.26,1553.86,1699.06,1538.64,379.99,0.0,1490.17,1034.18,1377.36,1259.02,1196.15,1160.17,1205.49,1493.54,1660.56,1620.63,31096.12,25000.0
2026-02-02 18:52:35,1000.0,999.52,1538.78,1000.0,1435.52,1462.21,1708.0,1483.09,1585.6,1445.86,1668.64,1466.46,365.08,0.0,1398.07,1041.8,1382.64,1308.74,1302.51,1152.42,1178.22,1463.0,1624.36,1585.86,30596.39,25000.0
2026-02-02 23:25:27,1000.0,972.19,1505.39,1000.0,1469.75,1440.24,1730.61,1563.6,1536.34,1437.14,1620.74,1468.4,364.22,0.0,1405.83,1056.36,1402.25,1330.26,1308.62,1124.06,1152.66,1432.71,1587.9,1563.71,30472.97,25000.0
2026-02-02 23:53:18,1000.0,996.96,1540.88,1000.0,1513.93,1481.45,1746.74,1633.5,1573.79,1507.13,1661.9,1526.38,375.26,0.0,1453.29,1081.5,1436.54,1359.98,1341.48,1141.15,1169.55,1448.55,1607.1,1603.97,31201.02,25000.0
2026-02-03 01:50:03,1000.0,978.05,1503.4,1000.0,1415.86,1446.21,1810.15,1639.66,1504.62,1470.2,1612.2,1498.72,367.3,0.0,1480.98,1103.91,1466.73,1392.67,1337.6,1179.48,1217.03,1469.04,1634.53,1641.29,31169.62,25000.0
2026-02-03 04:13:30,1000.0,913.1,1545.71,1000.0,1496.97,1512.64,1722.1,1680.63,1534.7,1570.04,1634.52,1583.4,382.48,0.0,1427.66,1063.21,1413.15,1280.42,1190.15,1125.8,1212.99,1441.97,1611.7,1582.5,30925.83,25000.0
2026-02-03 04:22:01,1000.0,905.22,1539.39,1000.0,1496.79,1497.71,1716.52,1660.64,1514.91,1551.32,1620.88,1570.48,379.49,0.0,1413.89,1052.99,1399.57,1286.91,1182.49,1129.98,1212.61,1431.82,1596.96,1580.16,30740.72,25000.0
2026-02-03 05:22:53,1000.0,898.64,1548.68,1000.0,1508.59,1526.67,1734.86,1685.42,1491.5,1501.27,1596.79,1577.58,376.82,0.0,1374.36,1027.79,1365.95,1241.15,1188.39,1175.31,1246.97,1499.28,1672.57,1549.58,30788.16,25000.0
2026-02-03 06:13:07,1000.0,909.7,1599.38,1000.0,1530.54,1515.66,1721.57,1688.49,1503.17,1517.36,1611.2,1602.91,381.23,0.0,1379.09,1032.79,1372.7,1241.26,1188.66,1197.51,1274.49,1544.79,1722.78,1559.76,31095.04,25000.0
2026-02-03 07:13:19,1000.0,879.55,1545.22,1000.0,1513.55,1455.59,1690.78,1706.9,1439.4,1490.23,1559.18,1609.81,384.63,0.0,1419.97,1051.79,1398.83,1263.81,1181.12,1140.11,1208.8,1499.86,1663.35,1565.16,30667.64,25000.0
2026-02-03 07:57:14,1000.0,893.74,1550.56,1000.0,1544.04,1475.73,1755.52,1706.4,1486.62,1496.91,1598.17,1595.11,394.93,0.0,1458.26,1061.0,1411.02,1279.82,1195.6,1142.11,1203.4,1515.53,1682.22,1586.82,31033.5,25000.0
2026-02-03 08:35:08,1000.0,905.98,1516.61,1000.0,1562.18,1427.4,1716.8,1647.86,1432.17,1459.61,1552.1,1589.27,393.04,0.0,1429.89,1041.99,1385.61,1281.96,1203.1,1133.3,1196.15,1495.43,1654.43,1607.35,30632.23,25000.0
2026-02-03 09:25:42,1000.0,912.69,1587.74,1000.0,1571.08,1467.76,1715.92,1620.67,1407.74,1520.45,1569.68,1634.29,400.61,0.0,1443.64,1046.63,1391.95,1294.28,1225.48,1178.36,1250.74,1542.97,1707.91,1637.15,31127.75,25000.0
2026-02-03 10:07:01,1000.0,877.23,1548.04,1000.0,1524.19,1443.2,1688.43,1651.37,1434.03,1560.31,1545.31,1602.41,390.84,0.0,1393.96,1009.21,1341.32,1262.06,1205.8,1150.0,1220.81,1513.98,1673.48,1594.77,30630.75,25000.0
2026-02-03 11:03:24,1000.0,872.54,1598.56,1000.0,1556.83,1375.51,1619.41,1594.34,1386.21,1510.03,1501.8,1679.89,406.47,0.0,1422.58,1027.89,1367.35,1294.92,1216.63,1209.27,1271.77,1579.48,1745.8,1636.58,30873.85,25000.0
2026-02-03 11:24:30,1000.0,872.31,1635.77,1000.0,1541.2,1375.19,1557.78,1599.97,1388.6,1517.66,1457.75,1690.98,402.94,0.0,1427.0,1033.93,1375.13,1294.29,1211.99,1194.98,1258.44,1561.83,1722.65,1624.45,30744.84,25000.0
2026-02-03 11:52:01,1000.0,859.34,1607.18,1000.0,1517.98,1305.99,1474.47,1496.55,1302.39,1442.03,1376.81,1608.77,393.38,0.0,1381.86,1004.51,1335.77,1276.69,1175.45,1193.05,1255.09,1545.04,1707.2,1593.21,29852.75,25000.0
2026-02-03 12:37:11,1000.0,862.55,1602.12,1000.0,1536.98,1287.09,1496.77,1531.2,1332.0,1468.15,1423.1,1647.85,396.24,0.0,1367.21,988.42,1314.29,1249.88,1182.95,1202.94,1269.02,1541.13,1707.47,1609.65,30017.01,25000.0
2026-02-03 12:43:15,1000.0,875.2,1598.06,1000.0,1539.24,1255.11,1457.1,1501.5,1307.24,1437.64,1391.47,1620.96,392.4,0.0,1372.57,994.63,1322.75,1258.68,1185.99,1209.18,1277.66,1537.98,1706.6,1624.36,29866.3,25000.0
2026-02-03 12:48:49,1000.0,872.35,1594.25,1000.0,1540.62,1233.83,1409.65,1458.37,1271.46,1394.32,1349.12,1574.61,380.65,0.0,1372.46,996.08,1324.95,1257.89,1173.7,1197.69,1266.24,1512.51,1676.53,1611.81,29469.1,25000.0
2026-02-03 14:05:04,1000.0,891.14,1579.54,1000.0,1559.6,1412.15,1575.7,1622.04,1408.84,1509.78,1476.38,1681.44,404.17,0.0,1414.38,1014.06,1349.98,1269.86,1176.12,1167.21,1240.49,1492.16,1649.91,1638.03,30532.98,25000.0
2026-02-03 15:05:22,1000.0,925.6,1632.64,1000.0,1625.02,1541.26,1801.59,1677.59,1455.18,1680.3,1646.73,1835.56,449.53,0.0,1594.47,1026.72,1366.23,1297.97,1205.82,1204.76,1280.15,1531.4,1696.51,1655.52,32130.56,25000.0
2026-02-03 16:08:55,1000.0,880.79,1631.27,1000.0,1569.08,1445.6,1630.23,1594.53,1385.51,1575.33,1521.23,1706.43,412.45,0.0,1478.54,966.48,1343.52,1242.59,1165.32,1188.93,1261.61,1498.07,1663.9,1595.53,30756.96,25000.0
2026-02-03 17:14:38,1000.0,907.78,1663.6,1000.0,1675.27,1530.17,1713.57,1711.9,1483.84,1679.95,1635.43,1826.91,452.74,0.0,1621.11,991.83,1480.54,1330.97,1240.73,1215.44,1283.65,1542.73,1713.93,1635.95,32338.04,25000.0
2026-02-03 18:09:18,1000.0,946.24,1713.08,1000.0,1763.28,1598.82,1776.46,1760.9,1525.05,1721.73,1689.42,1875.33,468.56,0.0,1676.58,1018.32,1543.76,1371.4,1354.3,1272.32,1336.62,1586.53,1769.28,1700.37,33468.34,25000.0
2026-02-03 19:15:42,1000.0,958.66,1756.76,1000.0,1771.67,1639.39,1782.21,1816.87,1571.27,1750.42,1710.93,1918.8,468.71,0.0,1669.68,1039.16,1559.93,1390.2,1357.51,1317.18,1379.25,1609.77,1807.13,1739.39,34014.91,25000.0
2026-02-03 19:54:59,1000.0,919.46,1730.13,1000.0,1742.54,1620.45,1791.39,1845.67,1595.36,1765.86,1724.84,1932.05,471.55,0.0,1684.07,1068.34,1598.56,1426.33,1387.45,1375.45,1326.55,1574.16,1760.78,1703.14,34044.12,25000.0
2026-02-03 20:32:54,1000.0,896.77,1686.13,1000.0,1710.39,1580.11,1708.19,1753.5,1518.66,1697.83,1641.05,1848.95,449.88,0.0,1612.34,1013.88,1527.13,1355.33,1321.99,1310.44,1283.08,1546.74,1719.17,1670.96,32852.49,25000.0
2026-02-03 21:19:52,1000.0,845.66,1677.22,1000.0,1688.4,1579.49,1657.13,1745.85,1511.05,1694.58,1605.07,1844.6,435.98,0.0,1563.75,941.17,1468.63,1260.3,1212.22,1228.73,1211.05,1510.71,1669.11,1566.59,31917.29,25000.0
2026-02-03 21:59:20,1000.0,890.22,1715.27,1000.0,1764.82,1624.84,1714.38,1800.41,1556.74,1731.1,1656.36,1882.72,449.65,0.0,1615.14,974.76,1500.77,1293.85,1243.04,1256.16,1240.4,1562.6,1711.07,1646.58,32830.86,25000.0
2026-02-03 22:29:59,1000.0,931.81,1720.37,1000.0,1784.94,1648.1,1759.87,1846.56,1595.1,1771.48,1697.19,1927.59,458.35,0.0,1644.9,1022.26,1529.23,1365.7,1306.53,1321.23,1298.37,1627.89,1734.14,1716.88,33708.5,25000.0
2026-02-03 22:59:35,1000.0,930.77,1741.86,1000.0,1800.8,1681.82,1771.14,1847.4,1596.07,1765.9,1697.1,1913.53,455.38,0.0,1641.51,1011.86,1522.19,1341.42,1284.37,1309.1,1284.64,1606.77,1712.4,1727.95,33643.97,25000.0
2026-02-03 23:31:40,1000.0,903.35,1702.93,1000.0,1791.45,1682.88,1733.58,1834.61,1585.51,1737.82,1668.32,1884.17,454.2,0.0,1636.79,997.97,1519.12,1299.65,1255.7,1284.15,1250.08,1536.87,1656.54,1715.54,33131.22,25000.0
2026-02-03 23:54:56,1000.0,915.09,1705.91,1000.0,1800.34,1728.98,1774.41,1873.07,1617.61,1769.52,1702.12,1910.14,457.56,0.0,1656.96,1011.9,1525.82,1317.35,1267.69,1298.24,1272.41,1533.34,1681.44,1739.13,33559.03,25000.0
2026-02-04 01:45:16,1000.0,862.52,1604.7,1000.0,1731.6,1597.69,1571.89,1705.42,1478.0,1600.21,1538.53,1748.64,433.85,0.0,1553.51,926.02,1446.29,1188.24,1197.73,1229.38,1184.24,1516.98,1595.47,1652.08,31362.97,25000.0
2026-02-04 03:38:53,1000.0,917.08,1667.08,1000.0,1736.42,1596.85,1680.27,1789.84,1549.16,1678.54,1646.5,1844.56,439.37,0.0,1567.12,997.19,1463.33,1264.8,1245.61,1288.84,1248.16,1568.85,1669.5,1728.43,32587.47,25000.0
2026-02-04 03:59:35,1000.0,916.89,1660.73,979.07,1719.95,1570.58,1662.81,1767.17,1530.17,1669.79,1634.3,1839.87,434.97,0.0,1547.0,995.58,1449.13,1261.63,1244.04,1291.3,1248.49,1581.27,1672.44,1730.88,32408.03,25000.0
2026-02-04 04:05:36,1000.0,924.96,1646.65,987.27,1723.36,1572.24,1657.33,1755.32,1520.49,1659.2,1625.4,1828.66,434.66,0.0,1545.43,992.78,1448.47,1253.82,1239.24,1289.04,1244.15,1585.21,1677.5,1733.46,32344.63,25000.0
2026-02-04 04:12:24,1000.0,923.81,1649.41,978.73,1713.03,1558.62,1621.84,1727.38,1497.26,1631.51,1596.21,1799.23,432.19,0.0,1536.0,977.28,1436.14,1223.7,1225.37,1281.05,1237.35,1583.35,1663.93,1715.68,32009.07,25000.0
2026-02-04 05:14:00,1000.0,896.06,1658.28,976.67,1698.78,1589.85,1637.55,1729.17,1499.04,1627.26,1599.44,1799.03,429.89,0.0,1524.28,971.84,1438.07,1239.19,1204.49,1268.67,1213.79,1531.49,1636.41,1695.31,31864.52,25000.0
2026-02-04 05:35:10,1000.0,910.41,1670.51,1007.9,1742.27,1616.98,1637.91,1718.33,1490.17,1623.89,1601.22,1794.36,427.43,0.0,1516.56,979.84,1436.47,1256.86,1215.55,1282.23,1223.77,1546.26,1662.99,1723.69,32085.59,25000.0
2026-02-04 05:45:53,1000.0,906.36,1695.5,995.83,1712.17,1604.33,1657.54,1733.52,1502.5,1643.65,1620.24,1814.04,430.5,0.0,1528.99,984.05,1448.54,1272.1,1234.4,1298.74,1240.33,1538.61,1681.6,1744.83,32288.37,25000.0
2026-02-04 05:56:58,1000.0,913.09,1695.5,995.9,1705.52,1599.39,1674.53,1743.73,1510.96,1659.27,1637.58,1832.87,436.18,0.0,1547.51,990.72,1469.12,1285.15,1254.96,1313.06,1253.94,1556.42,1698.63,1765.72,32539.72,25000.0
2026-02-04 06:06:09,1000.0,919.49,1695.5,1004.21,1704.01,1582.2,1678.73,1737.81,1505.9,1667.69,1641.25,1842.63,437.93,0.0,1552.58,988.12,1478.49,1292.4,1262.82,1328.49,1263.13,1563.89,1715.8,1781.53,32644.6,25000.0
2026-02-04 07:12:12,1000.0,916.27,1695.5,993.93,1671.45,1537.44,1615.77,1740.57,1507.73,1681.71,1638.75,1857.15,433.17,0.0,1536.06,982.23,1464.94,1306.29,1236.79,1317.25,1252.71,1573.55,1694.06,1755.16,32408.47,25000.0
2026-02-04 07:58:06,1000.0,872.95,1695.5,953.38,1603.25,1383.48,1583.99,1734.94,1414.02,1598.47,1550.38,1765.0,425.83,0.0,1508.11,930.59,1431.14,1257.34,1212.37,1266.12,1191.8,1575.03,1608.05,1670.96,31232.7,25000.0
2026-02-04 08:38:24,1000.0,906.37,1695.5,994.94,1673.01,1487.5,1628.77,1781.0,1467.56,1651.8,1612.43,1813.74,435.87,0.0,1553.2,968.11,1464.73,1294.88,1231.99,1299.17,1237.62,1590.07,1653.62,1712.01,32153.87,25000.0
2026-02-04 09:29:52,1000.0,923.88,1695.5,1041.01,1738.56,1596.86,1728.81,1879.35,1562.99,1667.48,1629.23,1827.3,443.47,0.0,1582.6,995.21,1480.74,1321.52,1260.45,1314.18,1263.6,1602.62,1674.86,1735.34,32965.55,25000.0
2026-02-04 10:11:21,1000.0,947.15,1695.5,1053.68,1764.27,1620.93,1741.44,1889.08,1586.52,1713.01,1668.42,1878.09,454.64,0.0,1614.53,1021.71,1510.11,1356.84,1288.7,1351.18,1290.65,1644.31,1701.36,1761.46,33553.58,25000.0
2026-02-04 11:03:26,1000.0,935.24,1695.5,1037.25,1724.14,1640.92,1761.01,1909.22,1602.41,1727.35,1667.44,1847.4,445.87,0.0,1586.55,989.31,1464.46,1312.01,1256.56,1333.57,1272.58,1639.9,1664.16,1718.24,33231.1,25000.0
2026-02-04 11:43:19,1000.0,951.79,1695.5,1053.76,1754.97,1637.12,1742.88,1894.18,1601.05,1712.13,1662.19,1873.41,456.33,0.0,1613.96,1008.48,1491.04,1340.51,1271.02,1353.12,1299.47,1670.17,1704.05,1743.14,33530.27,25000.0
2026-02-04 12:04:00,1000.0,939.71,1695.5,1031.64,1717.88,1603.93,1726.59,1875.68,1572.17,1669.14,1631.8,1857.24,444.89,0.0,1575.06,986.18,1449.25,1316.02,1235.73,1325.09,1272.6,1664.93,1662.45,1700.35,32953.86,25000.0
2026-02-04 13:38:24,1000.0,932.86,1695.5,1030.43,1722.94,1615.89,1780.86,1899.62,1583.8,1717.13,1695.03,1925.16,471.54,1000.0,1522.7,973.86,1411.52,1281.91,1195.01,1302.23,1235.94,1677.72,1658.39,1684.93,34014.98,26000.0
2026-02-04 14:31:10,1000.0,909.71,1695.5,1010.15,1709.82,1561.94,1773.77,1896.09,1537.96,1650.8,1718.56,1976.92,476.0,1034.53,1527.4,965.16,1412.4,1267.0,1181.04,1280.0,1213.75,1662.03,1639.36,1658.14,33758.02,26000.0
2026-02-04 15:12:44,1000.0,911.34,1695.5,994.01,1694.69,1573.73,1766.79,1883.61,1546.46,1664.88,1743.59,1969.37,477.67,1057.69,1579.05,962.73,1430.41,1262.37,1192.77,1300.03,1222.48,1672.57,1662.04,1675.51,33939.28,26000.0
2026-02-04 16:03:30,1000.0,894.26,1695.5,963.17,1661.89,1533.25,1735.11,1842.29,1512.23,1635.71,1732.98,1950.96,473.87,998.69,1485.03,902.47,1436.16,1258.07,1171.9,1269.31,1198.34,1630.51,1632.18,1654.11,33267.99,26000.0
2026-02-04 17:04:33,1000.0,903.5,1695.5,985.43,1699.67,1603.61,1782.39,1894.9,1572.69,1716.11,1781.93,1958.54,484.85,1015.04,1541.79,938.29,1485.49,1258.17,1194.5,1279.25,1199.92,1607.69,1625.35,1673.08,33897.69,26000.0
2026-02-04 18:05:41,1000.0,942.47,1695.5,1036.96,1788.86,1725.45,1904.8,1999.55,1677.34,1849.99,1865.46,1969.22,514.17,1085.69,1646.6,1005.47,1573.9,1306.67,1247.39,1330.34,1246.32,1651.73,1700.92,1741.15,35505.94,26000.0
2026-02-04 19:11:02,1000.0,950.93,1695.5,1029.79,1778.01,1689.91,1851.93,1928.04,1645.22,1803.0,1776.78,1910.49,493.41,1054.93,1603.18,978.73,1548.62,1285.6,1226.42,1340.83,1266.7,1661.39,1735.36,1758.15,35012.92,26000.0
2026-02-04 19:54:58,1000.0,968.04,1695.5,1042.5,1804.07,1710.46,1909.05,1980.73,1666.8,1829.28,1830.82,1966.54,507.68,1081.74,1607.22,982.3,1574.62,1311.94,1249.32,1366.88,1285.62,1726.69,1780.15,1790.04,35667.99,26000.0
2026-02-04 20:32:19,1000.0,992.37,1695.5,1067.22,1842.08,1762.82,1970.86,2015.09,1714.76,1871.53,1862.8,2002.77,514.1,1111.36,1636.46,1002.17,1589.04,1333.69,1281.31,1402.48,1322.24,1740.3,1809.49,1839.75,36380.19,26000.0
2026-02-04 21:04:48,1000.0,990.69,1695.5,1064.81,1839.04,1783.51,1980.72,2019.97,1733.52,1893.36,1881.6,2025.93,517.56,1117.15,1653.81,1013.45,1602.73,1342.99,1292.77,1415.27,1337.64,1734.42,1814.47,1849.57,36600.5,26000.0
2026-02-04 21:49:27,1000.0,1066.28,1695.5,1152.96,2007.69,1903.54,2116.51,2152.63,1843.77,2013.68,1993.56,2148.24,550.06,1194.48,1762.95,1084.05,1697.18,1414.99,1371.69,1500.83,1371.17,1772.1,1937.24,1982.84,38733.92,26000.0
2026-02-04 22:24:08,1000.0,994.74,1695.5,1066.37,1894.04,1809.35,2030.78,2052.45,1755.57,1922.55,1885.39,1988.84,525.04,1129.94,1670.79,1024.1,1627.1,1347.62,1291.24,1412.18,1352.2,1754.61,1785.48,1845.18,36861.06,26000.0
2026-02-04 22:55:02,1000.0,991.81,1695.5,1072.28,1892.29,1816.15,2053.64,2082.0,1763.46,1931.19,1922.46,2014.21,533.17,1144.63,1674.91,1026.89,1624.17,1349.74,1300.41,1421.42,1339.64,1736.91,1795.5,1835.97,37018.33,26000.0
2026-02-04 23:25:21,1000.0,998.1,1695.5,1095.04,1917.45,1810.67,2056.33,2096.0,1758.45,1930.88,1926.48,2004.05,538.35,1148.81,1680.01,1029.79,1641.08,1361.2,1302.92,1423.22,1347.59,1745.8,1799.15,1844.74,37151.6,26000.0
2026-02-04 23:53:22,1000.0,997.91,1695.5,1097.94,1940.85,1807.24,2030.31,2082.3,1755.95,1920.28,1910.16,1973.56,534.1,1143.62,1687.23,1034.61,1635.48,1337.15,1285.13,1404.29,1316.88,1713.53,1766.25,1823.75,36894.04,26000.0
2026-02-05 01:46:39,1000.0,1009.75,1695.5,1088.06,1950.49,1826.43,2037.36,2081.15,1772.08,1969.38,1944.73,2042.35,544.07,1165.85,1706.66,1046.36,1674.25,1404.87,1339.31,1461.39,1393.33,1785.77,1856.61,1925.77,37721.51,26000.0
2026-02-05 04:02:55,1000.0,1009.69,1695.5,1082.78,1937.21,1824.77,2063.15,2064.78,1770.32,1977.05,1952.41,2015.9,544.91,1181.2,1711.63,1050.48,1663.46,1390.89,1372.45,1496.5,1392.62,1791.65,1871.43,1943.65,37804.42,26000.0
2026-02-05 05:35:16,1000.0,1063.24,1695.5,1082.78,1980.65,1871.84,2081.57,2075.21,1808.66,2034.19,1954.61,2054.66,550.58,1153.79,1703.68,1045.65,1651.34,1404.0,1384.59,1511.63,1450.31,1886.67,1954.84,1995.5,38395.5,26000.0
2026-02-05 06:40:04,1000.0,1101.34,1695.5,1082.78,2046.98,1901.48,1054.83,2061.96,1790.34,2057.5,1967.12,2066.22,562.31,1174.54,1741.82,1069.6,1690.46,1431.08,1426.11,1555.14,1494.21,1964.62,2005.24,2042.14,37983.37,25000.0
2026-02-05 07:41:03,1000.0,1164.34,1695.5,1082.78,2172.59,2034.29,1165.79,1012.11,1776.68,2029.6,1926.19,2062.42,547.31,1203.27,1784.67,1096.62,1720.33,1485.7,1464.81,1597.68,1532.22,2038.26,2075.5,2133.22,37801.9,24000.0
2026-02-05 08:27:28,1000.0,1152.3,1695.5,1082.78,2141.31,2016.5,1141.59,1004.84,1754.35,2012.23,1934.05,2072.3,552.89,1193.71,1773.59,1089.25,1703.07,1477.27,1455.25,1586.67,1527.66,2035.49,2055.13,2110.93,37568.67,24000.0
2026-02-05 09:10:35,1000.0,1117.75,1695.5,1082.78,2084.79,1886.09,1062.27,916.72,1614.12,1012.44,1918.93,2015.16,549.95,1170.89,1748.45,1073.42,1677.57,1422.03,1397.85,1524.57,1472.56,1963.79,1977.06,2047.45,35432.13,23000.0
2026-02-05 10:04:02,1000.0,1124.45,1695.5,1082.78,2065.34,1934.79,1081.37,947.04,1683.86,1042.34,1912.39,2014.68,550.01,1182.18,1758.3,1080.21,1663.14,1434.18,1417.61,1546.44,1472.86,1962.47,1980.21,2059.13,35691.29,23000.0
2026-02-05 11:05:04,1000.0,1149.1,1695.5,1082.78,2105.95,1995.09,1096.55,973.93,1741.68,1083.54,1971.69,1034.78,561.36,1195.63,1798.36,1104.31,1716.06,1441.88,1421.03,1546.96,1526.63,2022.71,2033.79,2114.55,35413.87,22000.0
2026-02-05 11:51:58,1000.0,1136.87,1695.5,1082.78,2117.81,1990.05,1094.46,954.21,1705.18,1060.48,1944.25,1020.16,559.06,1187.8,1793.6,1101.42,1701.32,1437.22,1418.77,1545.11,1525.57,2003.1,2024.23,2110.98,35209.92,22000.0
2026-02-05 12:55:17,1000.0,1140.64,1695.5,1082.78,2142.83,1979.26,1079.61,934.08,1660.2,1042.39,1934.43,1009.58,558.18,1184.52,1834.26,1126.79,1725.99,1458.57,1426.32,1552.33,1564.99,2031.96,2057.72,2160.39,35383.33,22000.0
2026-02-05 14:06:29,1000.0,1121.58,1695.5,1082.78,2084.51,1927.89,1061.13,914.13,1626.12,1024.79,1877.73,987.59,548.55,1196.33,1863.61,1145.56,1756.47,1436.58,1400.26,1522.87,1528.62,1969.14,2030.31,2142.54,34944.6,22000.0
2026-02-05 15:03:54,1000.0,1074.46,1695.5,1082.78,1998.52,1859.88,1013.14,892.22,1567.3,1007.87,1830.18,966.83,535.86,1196.33,1822.17,1127.1,1727.67,1433.95,1381.7,1502.85,1471.88,1888.09,1954.67,2050.88,34081.84,22000.0
2026-02-05 16:00:29,1000.0,1149.2,1695.5,1082.78,2127.49,1986.23,1092.14,968.83,1695.4,1084.85,1879.21,994.16,553.13,1196.33,1855.71,1138.63,1806.12,1500.64,1454.1,1579.35,1559.32,1986.54,2081.39,2158.98,35626.02,22000.0
2026-02-05 16:54:28,1000.0,1103.46,1695.5,1082.78,2100.83,2014.94,1097.9,958.11,1676.32,1064.28,1857.53,985.59,546.37,1196.33,1780.79,1116.46,1768.8,1451.78,1396.88,1517.14,1508.05,1923.96,1982.87,2079.42,34906.08,22000.0
2026-02-05 17:47:11,1000.0,1131.51,1695.5,1082.78,2160.49,2067.95,1123.96,990.94,1733.41,1094.2,1902.72,1014.47,565.09,1196.33,1841.17,1144.6,1802.5,1467.12,1422.08,1543.01,1538.6,1960.5,2023.74,2117.36,35620.02,22000.0
2026-02-05 18:35:12,1000.0,1145.7,1695.5,1082.78,2195.54,2097.4,1139.34,990.5,1736.54,1091.45,1920.85,1026.48,573.26,1196.33,1857.94,1153.12,1841.51,1472.16,1441.74,1564.96,1567.32,1990.69,2063.43,2143.92,35988.47,22000.0
2026-02-05 19:28:52,1000.0,1161.57,1695.5,1082.78,2232.3,2126.49,1154.86,996.2,1756.08,1102.89,1908.98,1021.2,568.24,1196.33,1875.02,1168.66,1793.48,1418.07,1390.6,1672.9,1631.77,2072.16,2108.93,2197.58,36332.6,22000.0
2026-02-05 19:58:34,1000.0,1168.98,1695.5,1082.78,2277.0,2176.68,1174.32,1003.61,1770.05,1103.26,1933.46,1042.3,580.58,1196.33,1919.08,1190.53,1762.72,1400.78,1388.96,1672.75,1631.28,2068.43,2122.8,2212.06,36574.21,22000.0
2026-02-05 20:34:20,1000.0,1263.21,1695.5,1082.78,2430.68,2363.57,1272.87,1114.28,1963.44,1219.56,2158.25,1144.34,638.8,1196.33,2085.42,1297.55,1904.76,1515.31,1487.84,1792.91,1751.78,2190.34,2291.63,2375.18,39236.33,22000.0
2026-02-05 21:06:49,1000.0,1199.28,1695.5,1082.78,2324.55,2259.41,1217.95,1059.06,1861.54,1152.41,2068.82,1091.34,613.54,1196.33,1992.92,1231.59,1842.32,1473.15,1448.98,1762.06,1723.72,1113.26,2178.53,2274.8,36863.83,21000.0
2026-02-05 21:48:44,1000.0,1238.45,1695.5,1082.78,2424.52,2356.24,1269.67,1105.45,1950.34,1170.75,2144.06,1126.89,630.14,1196.33,2069.27,1281.26,1901.95,1514.6,1491.07,1803.03,1776.35,1140.37,2247.95,2346.32,37963.26,21000.0
2026-02-05 22:24:47,1000.0,1266.74,1695.5,1082.78,2468.38,2376.94,1289.29,1127.24,1994.38,1196.06,2178.38,1139.78,641.1,1196.33,2048.32,1260.59,1909.18,1518.1,1472.54,1823.98,1808.53,1166.66,1314.35,2405.64,37380.79,20000.0
2026-02-05 22:56:34,1000.0,1278.86,1695.5,1082.78,2424.38,2377.95,1279.34,1106.85,1956.95,1168.05,2155.96,1128.3,638.33,1196.33,2037.25,1249.18,1949.45,1556.03,1508.2,1858.92,1829.16,1185.53,1342.56,2421.48,37427.33,20000.0
2026-02-05 23:22:10,1000.0,1281.44,1695.5,1082.78,2443.58,2409.67,1301.96,1130.4,2002.84,1186.93,2168.99,1136.37,645.44,1196.33,2040.13,1260.18,1975.3,1572.93,1530.28,1900.03,1886.72,1220.48,1371.01,1425.44,36864.73,19000.0
2026-02-05 23:49:56,1000.0,1331.12,1695.5,1082.78,2546.37,2488.63,1346.55,1167.03,2067.84,1225.37,2234.73,1172.94,663.44,1196.33,2102.07,1291.89,2013.01,1593.6,1550.85,1925.37,1902.39,1231.79,1386.85,1414.48,37630.92,19000.0
2026-02-06 01:45:31,1000.0,1224.95,1695.5,1082.78,2411.52,2299.92,1253.1,1095.23,1966.08,1173.8,2084.46,1099.75,631.69,1196.33,2007.96,1225.57,1991.31,1595.69,1502.84,1850.79,1843.81,1205.67,1376.15,1392.96,36207.84,19000.0
2026-02-06 04:03:52,1000.0,1223.57,1695.5,1082.78,1441.41,2292.38,1272.96,1147.19,2052.56,1237.67,2183.72,1148.51,653.18,1196.33,2101.31,1293.87,2011.33,1591.79,1537.23,1899.64,1924.04,1250.84,1411.53,1433.37,36082.72,18000.0
2026-02-06 05:23:06,1000.0,1170.43,1695.5,1082.78,1352.91,1132.9,1218.3,1101.7,1975.88,1190.89,2128.89,1122.43,634.75,1196.33,2024.32,1257.77,1905.25,1490.88,1448.96,1792.54,1816.36,1191.0,1313.76,1362.86,33607.38,17000.0
2026-02-06 06:14:27,1000.0,1022.17,1695.5,1082.78,1242.97,1109.04,1188.04,1032.3,1850.21,1120.6,2003.14,1047.24,592.55,1196.33,1882.67,1173.58,1760.16,1345.14,1276.14,1611.34,1659.74,1098.67,1236.58,1207.41,31434.32,17000.0
2026-02-06 07:15:59,1000.0,1111.49,1695.5,1082.78,1342.18,1181.14,1241.18,1104.61,1975.1,1190.46,2125.29,1107.97,627.82,1196.33,1991.85,1235.78,1938.02,1470.37,1358.17,1709.41,1768.74,1174.21,1332.78,1305.62,33266.84,17000.0
2026-02-06 07:59:27,1000.0,1109.99,1695.5,1082.78,1354.98,1208.07,1260.38,1130.1,1941.26,1179.0,2093.27,1088.46,620.9,1196.33,1958.48,1217.32,1881.74,1418.38,1344.1,1684.45,1751.86,1158.38,1334.3,1320.61,33030.61,17000.0
2026-02-06 08:42:40,1000.0,1227.06,1695.5,1082.78,1371.28,1243.08,1406.5,1177.17,1078.97,1253.3,2206.1,1156.27,657.05,1196.33,2054.37,1277.63,2030.81,1554.05,1485.42,1842.62,1895.94,1243.27,1320.69,1447.55,33903.74,16000.0
2026-02-06 09:30:29,1000.0,1147.34,1695.5,1082.78,1389.56,1233.75,1316.59,1179.17,1073.15,1179.82,2070.19,1097.01,625.82,1196.33,1938.16,1195.59,1926.3,1490.03,1404.1,1750.88,1764.65,1159.65,1311.38,1321.18,32548.93,16000.0
2026-02-06 10:09:47,1000.0,1168.91,1695.5,1082.78,1415.39,1272.35,1334.85,1185.93,1064.27,1171.72,1029.49,1076.97,618.18,1196.33,1888.76,1174.93,1888.4,1492.16,1408.55,1764.48,1716.51,1133.88,1286.24,1289.39,31355.96,15000.0
2026-02-06 11:03:47,1000.0,1163.96,1695.5,1082.78,1411.54,1280.17,1338.46,1186.91,1031.48,1141.69,1012.93,1088.49,625.4,1196.33,1894.64,1176.2,1830.65,1481.87,1413.03,1773.86,1622.01,1078.61,1211.19,1196.0,30933.69,15000.0
2026-02-06 11:51:09,1000.0,1161.89,1695.5,1082.78,1404.64,1266.56,1327.97,1181.97,991.68,1103.37,1009.51,1095.63,635.86,1196.33,1865.1,1172.7,1789.63,1457.07,1407.07,1767.12,1580.9,1048.64,1173.98,1159.66,30575.57,15000.0
2026-02-06 12:51:40,1000.0,1216.37,1695.5,1082.78,1469.01,1300.51,1365.7,1206.89,995.25,1094.66,1022.58,1095.31,661.57,1196.33,1876.23,1186.28,1774.17,1461.01,1420.06,1773.81,1550.62,1034.5,1164.83,1156.13,30800.12,15000.0
2026-02-06 14:02:51,1000.0,1154.23,1695.5,1082.78,1389.96,1261.62,1332.06,1171.23,932.03,1019.2,987.83,1068.86,634.41,1196.33,1808.65,1160.15,1752.55,1428.12,1394.17,1741.61,1529.05,1020.83,1142.63,1120.88,30024.68,15000.0
2026-02-06 14:46:13,1000.0,1156.16,1695.5,1082.78,1392.26,1249.4,1333.66,1176.7,947.21,1035.26,1008.37,1114.67,669.32,1196.33,1887.33,1191.78,1819.39,1470.2,1445.78,1808.76,1652.66,1099.36,1228.01,1162.82,30823.74,15000.0
2026-02-06 15:28:12,1000.0,1162.25,1695.5,1082.78,1393.9,1252.79,1336.79,1181.2,958.82,1048.46,1022.34,1119.8,652.7,1196.33,1927.37,1172.28,1832.3,1497.79,1459.88,1825.2,1678.07,1110.81,1245.57,1174.67,31027.59,15000.0
2026-02-06 16:05:34,1000.0,1127.71,1695.5,1082.78,1340.07,1215.92,1287.02,1125.34,936.2,1025.07,1008.55,1110.15,628.18,1196.33,1920.67,1154.73,1772.04,1465.41,1419.71,1786.77,1666.2,1101.98,1228.45,1155.44,30450.22,15000.0
2026-02-06 17:07:02,1000.0,1040.32,1695.5,1082.78,1239.16,1140.32,1218.82,1067.32,926.17,992.61,995.36,1083.5,624.59,1196.33,1892.52,1182.23,1810.69,1347.42,1299.49,1657.92,1615.77,1057.91,1166.36,1122.03,29455.11,15000.0
2026-02-06 18:02:17,1000.0,1027.55,1695.5,1082.78,1211.32,1153.24,1203.75,1056.78,907.84,975.5,985.44,1080.6,628.69,1196.33,1897.88,1169.96,1803.02,1364.09,1298.93,1663.86,1624.3,1063.0,1166.56,1123.91,29380.83,15000.0
2026-02-06 19:01:41,1000.0,1096.24,1695.5,1082.78,1307.75,1222.32,1266.49,1120.27,980.25,1047.23,1046.53,1132.17,666.37,1196.33,2003.02,1267.23,1975.17,1471.52,1423.15,1766.9,1703.33,1110.08,1228.48,1190.6,30999.69,15000.0
2026-02-06 19:43:31,1000.0,1098.91,1695.5,1082.78,1315.55,1235.0,1283.65,1136.44,992.69,1050.24,1042.19,1116.83,662.78,1196.33,1994.63,1271.51,1990.7,1494.42,1437.46,1808.86,1716.1,1110.25,1227.44,1196.46,31156.69,15000.0
2026-02-06 20:04:40,1000.0,1080.15,1695.5,1082.78,1295.41,1216.31,1263.47,1117.16,974.32,1033.45,1033.76,1095.38,656.71,1196.33,1960.52,1250.61,1961.67,1472.15,1411.35,1804.14,1683.75,1092.15,1196.38,1167.85,30741.3,15000.0
2026-02-06 20:53:23,1000.0,1064.92,1695.5,1082.78,1276.52,1221.93,1255.13,1115.3,973.67,1030.92,1022.96,1092.63,657.2,1196.33,1956.01,1264.74,1994.2,1483.07,1430.13,1838.17,1729.32,1096.49,1185.11,1151.54,30814.57,15000.0
2026-02-06 21:29:20,1000.0,1053.0,1695.5,1082.78,1261.47,1213.47,1243.52,1103.37,961.22,1011.72,1019.5,1085.35,655.3,1196.33,1946.76,1251.74,1997.67,1473.25,1422.17,1837.33,1734.48,1083.01,1167.48,1141.31,30637.73,15000.0
2026-02-06 21:56:08,1000.0,1030.76,1695.5,1082.78,1241.2,1202.9,1235.69,1098.6,954.02,1005.59,1012.45,1068.48,650.15,1196.33,1927.47,1239.83,1974.44,1455.88,1407.42,1778.57,1685.62,1050.1,1140.45,1107.62,30241.85,15000.0
2026-02-06 22:20:19,1000.0,1017.33,1695.5,1082.78,1226.86,1191.86,1224.82,1089.27,946.11,1001.51,1006.99,1059.99,643.34,1196.33,1917.26,1238.31,1973.84,1453.57,1402.04,1759.53,1673.26,1032.99,1130.02,1095.71,30059.24,15000.0
2026-02-06 22:52:12,1000.0,1015.87,1695.5,1082.78,1228.74,1187.23,1224.06,1088.73,947.5,999.07,1003.2,1042.73,635.74,1196.33,1887.41,1220.05,1934.31,1417.12,1374.52,1683.14,1564.12,966.34,1064.89,1085.17,29544.54,15000.0
2026-02-06 23:22:34,1000.0,1064.41,1695.5,1082.78,1282.75,1224.49,1263.43,1134.39,988.4,1035.06,1033.74,1082.84,662.35,1196.33,1958.02,1256.65,1962.23,1445.43,1400.78,1771.69,1609.18,996.07,1096.93,1157.79,30401.21,15000.0
2026-02-06 23:49:49,1000.0,1053.16,1695.5,1082.78,1260.85,1217.27,1246.89,1122.43,980.14,1021.09,1029.99,1089.79,671.13,1196.33,1969.92,1247.73,1934.29,1438.5,1389.92,1772.35,1604.64,1003.01,1098.09,1151.47,30277.27,15000.0
2026-02-07 01:32:45,1000.0,1039.95,1695.5,1082.78,1235.54,1177.41,1234.62,1117.51,959.77,1030.32,1025.4,1104.45,680.28,1196.33,2050.39,1316.61,2053.7,1521.09,1471.14,1948.73,1820.66,1124.11,1212.38,1272.31,31371.0,15000.0
2026-02-07 03:53:56,1000.0,1073.13,1695.5,1082.78,1309.1,1177.66,1275.82,1147.41,998.97,1060.67,1072.25,1151.31,704.56,1196.33,2117.83,1369.69,2124.96,1561.69,1516.1,2045.94,1809.24,1128.66,1204.5,1282.26,32106.38,15000.0
2026-02-07 05:05:03,1000.0,1086.04,1695.5,1063.96,1284.71,1194.68,1261.82,1141.0,1008.13,1060.05,1073.98,1137.94,692.84,1196.33,2128.87,1406.0,2182.81,1604.52,1558.47,2089.56,1834.88,1144.63,1212.21,1294.58,32353.52,15000.0
2026-02-07 05:59:20,1000.0,1114.48,1695.5,1087.53,1284.71,1203.1,1325.77,1209.13,1075.76,1132.89,1125.39,1184.02,721.48,1196.33,2199.69,1444.75,2209.08,1625.64,1575.99,2082.65,1854.38,1153.78,1224.05,1306.73,33032.83,15000.0
2026-02-07 06:42:38,1000.0,1103.13,1695.5,1080.22,1284.71,1180.16,1262.16,1157.56,1029.39,1088.5,1082.31,1139.02,700.11,1196.33,2135.15,1411.01,2174.24,1595.64,1547.98,2030.37,1804.27,1131.25,1197.1,1282.63,32308.74,15000.0
2026-02-07 07:22:41,1000.0,1236.5,1695.5,1228.21,1284.71,1371.63,1453.75,1164.7,1051.03,1113.58,1100.66,1158.02,712.39,1196.33,2199.73,1465.62,2259.72,1677.33,1622.01,2150.15,2017.86,1276.42,1353.04,1431.62,34220.5,15000.0
2026-02-07 07:52:20,1000.0,1253.57,1695.5,1266.14,1284.71,1423.12,1510.34,1218.42,1034.73,1092.62,1085.55,1152.14,706.22,1196.33,2183.74,1445.21,2238.21,1666.6,1609.2,2141.5,2014.49,1278.56,1359.38,1429.67,34285.94,15000.0
2026-02-07 08:27:46,1000.0,1239.5,1695.5,1207.29,1284.71,1360.12,1463.63,1165.87,1062.23,1114.31,1114.37,1175.51,715.97,1196.33,2206.08,1449.07,2238.15,1668.63,1613.54,2158.72,2010.12,1274.03,1357.98,1435.24,34206.9,15000.0
2026-02-07 08:58:27,1000.0,1232.76,1695.5,1206.15,1284.71,1358.83,1462.21,1173.53,1062.81,1111.5,1111.25,1171.85,714.68,1196.33,2220.08,1456.41,2238.61,1664.67,1613.47,2148.24,1988.18,1252.01,1334.74,1416.25,34114.75,15000.0
2026-02-07 09:30:22,1000.0,1201.85,1695.5,1187.25,1284.71,1322.41,1426.58,1136.45,1026.22,1108.59,1101.34,1158.12,707.35,1196.33,2196.29,1440.41,2222.49,1653.86,1602.16,2122.91,1962.16,1240.05,1324.73,1399.68,33717.46,15000.0
2026-02-07 09:56:49,1000.0,1229.1,1695.5,1195.13,1284.71,1335.38,1446.82,1148.46,1029.06,1112.97,1139.11,1189.01,719.77,1196.33,2261.68,1471.58,2239.77,1673.56,1617.55,2154.18,1998.27,1270.51,1353.75,1413.94,34176.15,15000.0
2026-02-07 10:23:55,1000.0,1231.76,1695.5,1208.65,1284.71,1357.6,1465.46,1165.95,1059.96,1127.03,1125.85,1174.97,718.46,1196.33,2251.71,1465.33,2236.31,1669.95,1613.75,2146.1,2000.62,1280.24,1362.22,1423.79,34262.26,15000.0
2026-02-07 10:54:51,1000.0,1245.67,1695.5,1232.48,1284.71,1377.88,1485.17,1186.52,1053.41,1121.83,1115.32,1180.84,726.76,1196.33,2274.74,1492.13,2283.71,1703.38,1648.71,2178.81,2043.3,1312.01,1390.64,1452.28,34682.13,15000.0
2026-02-07 11:21:01,1000.0,1235.9,1695.5,1230.36,1284.71,1372.4,1480.41,1180.39,1041.21,1116.41,1095.76,1169.22,715.85,1196.33,2245.48,1471.02,2268.62,1692.86,1638.38,2172.75,2042.5,1310.83,1390.15,1444.14,34491.15,15000.0
2026-02-07 11:45:21,1000.0,1216.46,1695.5,1220.24,1284.71,1360.49,1462.52,1164.09,1022.34,1093.71,1090.63,1166.24,710.8,1196.33,2226.15,1453.73,2252.85,1686.62,1631.88,2154.54,2045.09,1313.81,1387.52,1444.1,34280.35,15000.0
2026-02-07 11:57:24,1000.0,1216.41,1695.5,1225.86,1284.71,1366.49,1467.21,1172.48,1026.67,1092.18,1095.99,1168.99,710.41,1196.33,2225.72,1456.31,2249.93,1682.43,1630.68,2151.8,2040.04,1312.04,1387.48,1444.03,34299.68,15000.0
2026-02-07 12:41:21,1000.0,1163.07,1695.5,1169.61,1284.71,1306.57,1401.37,1100.58,950.23,1005.67,1018.0,1102.85,697.92,1196.33,2204.22,1453.53,2200.32,1632.84,1585.3,2084.83,1963.38,1251.91,1314.32,1371.76,33154.83,15000.0
2026-02-07 13:33:59,1000.0,1197.01,1695.5,1197.59,1284.71,1326.12,1419.06,1110.03,955.15,1019.77,1027.22,1111.17,768.34,1196.33,2254.91,1491.6,2243.37,1675.36,1625.48,2144.55,1988.13,1264.92,1336.17,1393.83,33726.33,15000.0
2026-02-07 14:05:50,1000.0,1211.1,1695.5,1209.62,1284.71,1351.02,1448.69,1130.42,954.09,1014.71,1022.82,1115.3,748.54,1187.48,1263.47,1494.59,2235.38,1670.77,1619.88,2149.47,2013.46,1278.74,1350.04,1405.15,32854.96,14000.0
2026-02-07 14:47:32,1000.0,1241.38,1695.5,1258.06,1284.71,1398.64,1492.7,1175.39,1017.13,1093.92,1097.22,1194.58,774.2,1242.3,1316.55,1523.07,2256.05,1684.5,1635.34,2164.28,2059.39,1307.06,1381.46,1435.61,33729.05,14000.0
2026-02-07 15:02:27,1000.0,1248.0,1695.5,1253.57,1284.71,1395.98,1493.98,1185.12,1024.73,1109.7,1116.38,1213.96,789.52,1267.19,1343.97,1523.35,2259.32,1684.42,1636.35,2164.24,2069.92,1313.34,1386.68,1446.07,33906.0,14000.0
2026-02-07 15:37:38,1000.0,1212.39,1695.5,1225.03,1284.71,1364.7,1463.96,1162.94,998.13,1079.42,1094.44,1190.83,806.93,1248.55,1307.46,1485.06,2207.41,1644.31,1598.58,2108.28,2003.74,1280.7,1349.23,1406.96,33219.25,14000.0
2026-02-07 15:58:49,1000.0,1211.31,1695.5,1222.47,1284.71,1358.35,1456.98,1157.74,989.94,1073.37,1089.62,1183.97,815.26,1251.35,1310.93,1487.55,2221.64,1651.87,1606.86,2120.07,2012.76,1293.83,1351.55,1405.94,33253.59,14000.0
2026-02-07 16:31:46,1000.0,1216.45,1695.5,1234.19,1284.71,1384.93,1484.98,1174.48,1007.32,1100.33,1120.35,1219.27,799.96,1286.71,1349.83,1535.91,1206.79,1634.74,1595.97,2116.4,2006.84,1289.26,1347.55,1406.55,32499.04,13000.0
2026-02-07 17:00:38,1000.0,1224.25,1695.5,1233.3,1284.71,1387.75,1488.86,1161.67,994.61,1091.82,1108.02,1205.96,743.84,1296.35,1346.22,1523.14,1215.31,1630.16,1593.97,2107.22,2012.83,1294.85,1352.13,1410.56,32403.01,13000.0
2026-02-07 17:29:25,1000.0,1224.47,1695.5,1230.96,1284.71,1381.24,1479.69,1143.8,990.92,1085.14,1109.85,1205.97,732.02,1296.64,1364.35,1550.43,1238.65,1625.47,1602.31,2119.86,2017.45,1295.86,1356.43,1417.71,32449.43,13000.0
2026-02-07 17:53:08,1000.0,1213.06,1695.5,1215.48,1284.71,1363.85,1460.45,1126.56,979.78,1075.73,1099.97,1193.83,754.04,1292.43,1355.17,1528.38,1238.21,1689.66,1572.53,2077.33,1991.58,1279.95,1339.28,1399.79,32227.27,13000.0
2026-02-07 18:31:34,1000.0,1203.14,1695.5,1202.3,1284.71,1351.34,1450.23,1119.8,976.26,1078.91,1103.34,1196.36,678.47,1297.51,1359.1,1525.81,1242.37,1502.76,1540.41,2029.32,1960.84,1260.24,1317.92,1381.67,31758.32,13000.0
2026-02-07 19:04:34,1000.0,1196.39,1695.5,1190.67,1284.71,1340.88,1437.41,1098.91,952.64,1057.71,1076.79,1170.4,526.92,1264.2,1326.72,1473.01,1217.15,1151.97,1254.54,1000.21,1948.21,1252.55,1315.09,1378.4,29610.97,12000.0
2026-02-07 19:38:32,1000.0,1197.9,1695.5,1184.3,1284.71,1333.54,1432.18,1090.16,942.57,1055.9,1075.8,1171.17,331.62,1265.47,1331.93,1450.85,1226.4,669.52,894.98,840.12,1965.77,1263.08,1319.79,1381.59,28404.84,12000.0
2026-02-07 19:55:36,1000.0,1199.4,1695.5,1182.1,1284.71,1334.28,1429.3,1089.13,944.73,1057.47,1077.12,1175.13,350.22,1271.84,1342.58,1483.83,1235.53,720.79,949.52,866.85,1967.13,1265.0,1322.0,1384.18,28628.36,12000.0
2026-02-07 20:24:24,1000.0,1203.18,1695.5,1176.8,1284.71,1328.71,1422.51,1084.53,943.71,1062.61,1082.68,1181.31,438.51,1267.32,1339.1,1492.15,1233.65,951.51,1132.65,947.4,1966.12,1260.98,1316.45,1380.66,29192.75,12000.0
2026-02-07 20:52:31,1000.0,1195.36,1695.5,1175.71,1284.71,1326.91,1419.88,1073.41,938.37,1058.64,1079.28,1180.32,266.37,1268.35,1334.37,1462.67,1225.57,509.78,796.49,792.98,1704.2,1252.45,1309.87,1378.17,27729.37,12000.0
2026-02-07 21:24:31,1000.0,1192.26,1695.5,1165.22,1284.71,1313.01,1402.67,1067.05,930.52,1048.96,1070.04,1172.05,403.38,1261.61,1332.41,1492.1,1216.45,846.4,1051.31,910.68,1896.89,1242.3,1303.43,1370.01,28668.98,12000.0
2026-02-07 21:51:35,1000.0,1186.52,1695.5,1167.5,1284.71,1318.2,1408.94,1068.17,929.06,1042.29,1064.23,1170.26,455.16,1259.57,1334.78,1481.31,1223.15,995.53,1114.81,930.39,1924.82,1269.3,1305.64,1369.94,28999.78,12000.0
2026-02-07 22:23:09,1000.0,1190.27,1695.5,1177.62,1284.71,1332.88,1424.59,1083.94,939.54,1047.67,1073.0,1180.78,462.15,1274.15,1349.79,1508.87,1235.1,1003.12,1136.79,943.1,1949.43,1285.01,1314.62,1380.03,29272.68,12000.0
2026-02-07 22:55:43,1000.0,1180.24,1695.5,1171.27,1284.71,1324.31,1420.11,1093.65,947.73,1054.64,1079.09,1190.05,492.74,1280.93,1350.72,1517.82,1235.83,1073.63,1186.76,967.2,1982.54,1315.9,1353.0,1375.78,29574.15,12000.0
2026-02-07 23:27:16,1000.0,1198.32,1695.5,1202.05,1284.71,1349.75,1445.38,1111.13,964.49,1069.08,1092.14,1200.49,483.33,1289.39,1368.16,1546.84,1247.78,1053.51,1184.7,968.24,1998.87,1314.65,1353.32,1390.34,29812.19,12000.0
2026-02-07 23:57:28,1000.0,1184.08,1695.5,1195.55,1284.71,1339.7,1433.63,1098.75,942.51,1052.02,1074.46,1182.75,470.56,1270.28,1344.13,1521.92,1231.48,1028.39,1182.13,968.58,1993.89,1324.22,1361.69,1399.23,29580.19,12000.0
2026-02-08 02:09:49,1000.0,1238.96,1695.5,1266.83,1284.71,1417.72,1518.37,1184.52,1031.78,1143.07,1172.83,1264.95,492.63,1334.28,1382.68,1609.61,1311.48,1072.15,1255.06,1023.49,2094.58,1397.43,1451.32,1495.13,31139.09,12000.0
2026-02-08 04:41:45,1000.0,1238.96,1807.32,1314.05,1284.71,1477.13,1573.02,1223.09,1075.8,1186.08,1194.49,1288.26,528.54,1366.67,1404.97,1625.71,1355.49,1168.26,1293.15,1042.46,2119.58,1420.53,1479.33,1525.12,31992.71,12000.0
2026-02-08 05:52:42,1000.0,1238.96,1836.03,1314.05,1324.88,1480.38,1586.5,1231.86,1070.23,1186.9,1196.71,1287.91,564.94,1368.14,1402.35,1643.16,1354.76,1257.04,1380.99,1083.92,2191.05,1465.04,1529.04,1578.66,32573.52,12000.0
2026-02-08 06:46:21,1000.0,1238.96,1946.26,1314.05,1398.25,1593.94,1574.02,1227.38,1064.0,1182.75,1192.25,1280.63,646.56,1369.08,1385.94,1640.47,1363.73,1475.71,1539.48,1163.56,2308.02,1542.13,1617.25,1674.92,33739.32,12000.0
2026-02-08 07:31:19,1000.0,1238.96,2220.48,1314.05,1631.49,1874.12,1924.45,1231.87,1069.66,1185.41,1196.85,1287.69,839.77,1394.4,1401.8,1661.51,1403.99,1980.48,1888.47,1325.99,2582.25,1723.97,1821.87,1895.8,37095.32,12000.0
2026-02-08 08:00:19,1000.0,1238.96,2206.36,1314.05,1682.14,1924.69,1974.42,1229.81,1059.61,1177.84,1188.27,1281.76,828.94,1391.81,1400.12,1657.7,1406.35,1972.41,1880.95,1323.53,2575.61,1717.21,1809.91,1882.87,37125.33,12000.0
2026-02-08 08:37:18,1000.0,1238.96,2216.39,1314.05,1683.75,1932.67,1984.19,1244.11,1074.22,1160.82,1171.39,1263.88,821.29,1369.68,1388.72,1643.82,1374.23,1951.63,1841.55,1284.25,2517.98,1682.46,1776.17,1847.45,36783.64,12000.0
2026-02-08 09:06:14,1000.0,1238.96,2222.16,1314.05,1677.7,1943.99,1998.22,1240.02,1070.54,1150.79,1158.81,1258.68,812.1,1353.4,1371.57,1607.66,1352.01,1932.16,1827.92,1280.8,2502.28,1672.85,1769.04,1840.26,36595.96,12000.0
2026-02-08 09:47:23,1000.0,1238.96,2196.75,1314.05,1674.93,1934.74,1992.07,1219.9,1040.89,1148.93,1169.54,1266.75,829.3,1368.78,1385.13,1605.02,1382.29,1988.06,1852.27,1292.27,2485.51,1673.73,1766.58,1837.64,36664.08,12000.0
2026-02-08 10:01:51,1000.0,1238.96,2176.27,1314.05,1665.5,1928.53,1985.64,1197.68,1017.11,1121.24,1131.36,1228.42,803.43,1322.1,1357.45,1593.58,1352.16,1954.16,1841.43,1283.91,2481.3,1651.86,1734.88,1803.97,36184.98,12000.0
2026-02-08 10:38:59,1000.0,1238.96,2139.24,1314.05,1645.05,1903.93,1955.03,1187.73,1019.33,1105.41,1153.55,1199.62,767.4,1297.51,1334.11,1577.13,1335.03,1888.32,1792.5,1264.42,2446.07,1632.34,1687.32,1753.34,35637.39,12000.0
2026-02-08 11:03:50,1000.0,1238.96,2149.1,1314.05,1641.95,1909.4,1962.61,1177.02,1016.62,1084.8,1162.5,1217.42,783.44,1304.48,1338.57,1579.43,1322.39,1893.09,1791.55,1259.32,2450.46,1626.96,1700.81,1767.98,35692.89,12000.0
2026-02-08 11:38:32,1000.0,1238.96,2049.55,1314.05,1582.91,1840.64,1888.75,1092.61,949.11,1001.42,1103.03,1157.2,753.24,1258.86,1281.0,1487.4,1258.92,1795.74,1702.51,1206.46,2337.98,1558.3,1635.32,1698.74,34192.66,12000.0
2026-02-08 11:57:22,1000.0,1238.96,2058.62,1314.05,1579.27,1846.72,1894.47,1091.44,945.13,993.48,1097.93,1154.87,745.74,1256.95,1274.02,1494.37,1260.18,1786.7,1689.9,1202.76,2334.14,1555.69,1630.61,1694.11,34140.12,12000.0
2026-02-08 12:41:39,1000.0,1238.96,2077.19,1314.05,1584.35,1841.28,1885.32,1059.79,919.2,954.32,1099.96,1093.57,748.57,1277.52,1288.26,1488.32,1271.22,1778.46,1716.48,1225.01,2366.07,1579.67,1652.93,1716.83,34177.32,12000.0
2026-02-08 13:34:30,1000.0,1238.96,2094.21,1314.05,1580.06,1835.72,1880.49,1072.96,921.88,974.76,1087.56,1143.43,764.19,1278.08,1297.29,1493.78,1283.81,1808.38,1733.42,1233.37,2379.09,1593.79,1666.62,1731.3,34407.21,12000.0
2026-02-08 14:08:23,1000.0,1238.96,2124.03,1314.05,1605.63,1872.03,1918.04,1108.03,950.24,986.04,1082.91,1150.96,759.06,1247.52,1325.26,1521.03,1308.81,1829.96,1758.01,1255.06,2415.91,1617.05,1687.41,1753.37,34829.34,12000.0
2026-02-08 14:48:53,1000.0,1238.96,2095.82,1314.05,1484.97,1730.68,1767.06,982.76,860.2,909.24,1067.86,1100.38,710.18,1206.0,1267.12,1456.39,1272.61,1798.71,1732.47,1232.84,2367.24,1587.91,1660.65,1724.11,33568.23,12000.0
2026-02-08 15:24:33,1000.0,1238.96,2176.88,1314.05,1557.2,1799.22,1841.45,1045.73,908.64,956.23,1108.17,1160.54,743.73,1277.43,1345.16,1557.24,1346.86,1895.84,1822.44,1291.76,2484.32,1659.79,1738.45,1807.66,35077.76,12000.0
2026-02-08 15:51:48,1000.0,1238.96,2132.16,1314.05,1527.83,1753.29,1764.37,1099.65,946.82,994.69,1146.07,1209.35,762.19,1074.39,1139.28,1304.05,1367.53,1682.89,1696.23,1247.33,2419.11,1632.24,1694.79,1759.97,33907.22,12000.0
2026-02-08 16:26:38,1000.0,1238.96,2198.63,1314.05,1581.69,1830.46,1870.04,1110.28,945.39,1006.78,1122.5,1234.3,756.1,1249.38,1321.33,1565.83,1356.81,1854.44,1823.8,1292.23,2480.6,1668.84,1743.82,1813.95,35380.2,12000.0
2026-02-08 16:58:49,1000.0,1238.96,2239.81,1314.05,1603.26,1846.05,1888.65,1120.15,970.03,1055.61,1206.57,1284.55,770.13,1305.12,1370.4,1595.04,1418.53,1885.91,1871.96,1318.87,2530.85,1701.26,1779.12,1851.55,36166.45,12000.0
2026-02-08 17:26:44,1000.0,1238.96,2182.58,1314.05,1542.74,1777.03,1812.18,1058.49,915.87,993.52,1164.09,1213.2,760.33,1266.99,1338.58,1589.91,1408.12,1785.79,1788.88,1275.39,2431.09,1645.94,1726.26,1795.14,35025.13,12000.0
2026-02-08 17:54:51,1000.0,1238.96,2191.24,1314.05,1546.19,1777.39,1813.0,1061.14,922.3,985.43,1159.97,1205.71,779.84,1292.46,1366.74,1635.59,1439.98,1825.34,1795.72,1274.7,2430.9,1636.1,1717.9,1786.28,35196.91,12000.0
2026-02-08 18:33:09,1000.0,1238.96,2212.67,1314.05,1528.72,1751.13,1786.71,1042.98,904.37,967.89,1170.91,1188.5,735.41,1239.29,1314.34,1566.39,1384.69,1751.15,1837.12,1300.42,2473.8,1669.91,1752.52,1822.85,34954.77,12000.0
2026-02-08 19:06:11,1000.0,1238.96,2201.68,1314.05,1497.11,1724.83,1756.85,1013.55,884.64,938.99,1161.11,1168.1,723.98,1209.06,1290.14,1554.75,1368.07,1747.62,1858.86,1274.39,2426.6,1638.47,1715.82,1784.13,34491.74,12000.0
2026-02-08 19:39:31,1000.0,1238.96,2197.34,1314.05,1482.34,1714.01,1745.11,1004.48,879.16,926.67,1180.58,1172.35,729.55,1193.36,1277.73,1548.55,1372.69,1758.37,1864.0,1293.41,2403.15,1623.36,1699.2,1766.11,34384.53,12000.0
2026-02-08 19:57:08,1000.0,1238.96,2173.49,1314.05,1480.58,1712.23,1741.9,982.44,859.38,902.81,1171.57,1150.74,708.55,1163.39,1244.76,1508.4,1339.23,1716.92,1817.81,1264.42,2388.44,1609.32,1683.11,1748.91,33921.42,12000.0
2026-02-08 20:23:12,1000.0,1238.96,2198.19,1314.05,1524.79,1759.94,1793.9,1021.0,887.16,943.0,1168.33,1167.19,712.46,1175.89,1261.84,1543.88,1360.66,1746.12,1849.7,1280.42,1444.79,1638.69,1712.72,1780.33,33523.99,11000.0
2026-02-08 20:53:43,1000.0,1238.96,2194.26,1314.05,1528.65,1762.61,1796.01,1026.52,899.04,952.65,1174.35,1170.72,718.14,1185.74,1273.66,1549.81,1379.87,1756.54,1861.57,1288.65,1451.48,1642.86,1718.69,1786.54,33671.37,11000.0
2026-02-08 21:24:06,1000.0,1238.96,2174.83,1314.05,1548.51,1784.64,1819.11,1051.98,915.8,969.99,1171.29,1191.96,721.46,1194.15,1278.86,1542.48,1372.42,1766.77,1858.82,1284.1,1468.14,1639.87,1712.54,1779.89,33800.61,11000.0
2026-02-08 21:52:03,1000.0,1238.96,2228.6,1314.05,1578.1,1816.91,1854.53,1080.77,943.4,992.08,1197.86,1219.67,737.51,1224.32,1310.16,1570.89,1399.63,1789.92,1884.58,1299.06,1502.76,1680.19,1746.92,1816.87,34427.74,11000.0
2026-02-08 22:24:35,1000.0,1238.96,2209.19,1314.05,1557.28,1795.31,1830.8,1061.12,922.69,971.27,1180.81,1205.94,730.33,1199.8,1277.99,1537.06,1372.42,1760.95,1860.67,1277.57,1488.62,1664.19,1729.27,1797.85,33984.15,11000.0
2026-02-08 22:57:05,1000.0,1238.96,2202.08,1314.05,1558.92,1802.64,1838.59,1061.49,925.79,979.62,1178.61,1211.48,731.74,1204.23,1285.85,1541.41,1386.57,1760.42,1868.11,1278.96,1490.53,1666.6,1703.54,1783.51,34013.68,11000.0
2026-02-08 23:29:32,1000.0,1238.96,2195.42,1314.05,1570.29,1808.93,1849.57,1057.8,928.26,982.0,1186.6,1207.88,725.68,1244.61,1317.04,1579.08,1406.22,1755.87,1846.85,1264.22,1466.12,1638.56,1743.24,1797.77,34125.03,11000.0
2026-02-08 23:57:01,1000.0,1238.96,2208.09,1314.05,1542.8,1784.58,1823.48,1023.07,894.75,943.58,1151.63,1167.42,688.77,1172.57,1246.49,1521.76,1356.59,1697.46,1794.85,1224.71,1424.99,1591.99,1610.09,1668.65,33091.32,11000.0
2026-02-09 01:53:20,1000.0,1238.96,2237.87,1314.05,1607.47,1866.9,1914.03,1072.84,928.65,973.21,1169.43,1216.41,751.85,1269.75,1369.33,1673.68,1454.17,1834.28,1939.61,1293.64,1556.97,1741.42,1890.91,1974.56,35289.98,11000.0
2026-02-09 04:26:05,1000.0,1263.83,2137.39,1314.05,1541.77,1801.65,1843.41,995.56,876.75,873.86,1104.18,1114.13,713.76,1185.72,1305.6,1613.24,1434.54,1754.97,1901.62,1251.05,1531.91,1712.0,1933.46,2008.93,34213.39,11000.0
2026-02-09 05:55:01,1000.0,1270.09,2137.39,1314.05,1560.51,1798.37,1839.64,987.63,862.66,881.46,1096.25,1117.16,708.75,1193.88,1289.41,1593.74,1413.32,1711.91,1891.45,1224.69,1519.44,1697.89,1918.84,1976.29,34004.81,11000.0
2026-02-09 07:02:34,1000.0,1296.07,2137.39,1314.05,1572.07,1773.02,1851.36,1006.32,878.32,897.4,1098.63,1129.68,704.68,1213.39,1313.49,1636.1,1434.76,1753.07,1921.93,1229.99,1539.57,1721.28,1966.48,2026.42,34415.46,11000.0
2026-02-09 08:01:48,1000.0,1279.18,2137.39,1314.05,1539.12,1730.27,1851.36,983.14,869.98,892.78,1088.8,1124.07,676.46,1183.32,1285.75,1603.16,1404.77,1704.54,1897.82,1187.48,1524.35,1704.86,1958.7,2002.96,33944.31,11000.0
2026-02-09 09:05:58,1000.0,1363.79,2137.39,1314.05,1676.33,1902.82,1851.36,1066.07,949.4,962.96,1135.72,1199.82,733.31,1221.23,1305.92,1627.38,1424.47,1853.15,1941.59,1282.18,1557.83,1741.65,2043.37,2112.95,35404.73,11000.0
2026-02-09 10:18:30,1000.0,1338.89,2137.39,1314.05,1625.4,1839.42,1851.36,1043.81,897.12,946.9,1133.67,1174.85,720.21,1226.34,1316.49,1642.22,1426.15,1841.54,1929.1,1266.13,1542.0,1723.1,2052.65,2100.32,35089.12,11000.0
2026-02-09 11:16:04,1000.0,1351.26,2137.39,1314.05,1650.55,1818.92,1851.36,1024.71,884.95,957.23,1148.18,1193.87,745.81,1276.52,1369.22,1675.73,1456.73,1858.11,1936.25,1284.27,1577.95,1764.18,2061.81,2117.11,35456.14,11000.0
2026-02-09 12:00:39,1000.0,1339.83,2137.39,1314.05,1655.28,1817.84,1851.36,1020.34,884.22,930.93,1099.18,1178.08,725.53,1197.05,1285.88,1588.44,1395.15,1828.37,1898.6,1269.97,1531.48,1709.74,2037.55,2105.71,34802.0,11000.0
2026-02-09 13:14:49,1000.0,1295.07,2137.39,1314.05,1614.41,1809.79,1851.36,1026.04,886.25,903.85,1042.08,1151.01,711.55,1134.12,1223.3,1527.02,1341.79,1815.01,1841.5,1240.21,1497.72,1671.17,2007.61,2052.12,34094.42,11000.0
2026-02-09 14:22:31,1000.0,1330.43,2137.39,1314.05,1647.99,1863.35,1851.36,1032.85,919.79,945.73,1107.32,1215.81,732.89,1180.27,1207.78,1502.88,1347.25,1833.32,1853.82,1260.27,1492.55,1665.38,2027.43,2077.31,34547.21,11000.0
2026-02-09 14:27:27,1000.0,1345.59,2137.39,1314.05,1664.27,1879.6,1851.36,1042.0,928.12,946.75,1109.87,1217.89,731.74,1185.48,1211.65,1514.72,1361.32,1850.62,1869.56,1273.76,1507.22,1682.53,2045.82,2095.09,34766.4,11000.0
2026-02-09 14:38:42,1000.0,1352.45,2137.39,1314.05,1682.24,1882.98,1851.36,1041.51,925.87,949.31,1118.25,1208.46,730.15,1186.8,1184.1,1537.46,1374.86,1878.17,1889.04,1286.98,1519.88,1696.88,2058.83,2100.61,34907.62,11000.0
2026-02-09 15:31:46,1000.0,1312.87,2137.39,1314.05,1681.0,1848.99,1851.36,1023.95,912.03,936.16,1099.84,1155.82,700.06,1159.14,1151.12,1563.55,1329.52,1880.29,1851.72,1284.04,1485.58,1657.71,2039.56,2074.21,34449.94,11000.0
2026-02-09 17:36:45,1000.0,1196.23,2137.39,1314.05,1593.76,1774.96,1851.36,965.99,879.18,869.3,1011.36,1088.05,623.43,1091.86,1102.22,1552.16,1199.64,1765.18,1753.08,1197.65,1405.79,1567.04,1861.69,1900.87,32702.25,11000.0
2026-02-09 18:39:04,1000.0,1190.98,2137.39,1314.05,1576.06,1751.23,1851.36,963.03,865.71,876.57,1012.48,1091.34,628.26,1083.08,1095.34,1588.82,1199.64,1794.33,1764.45,1181.96,1399.09,1558.21,1920.17,1955.95,32799.49,11000.0
2026-02-09 19:54:03,1000.0,1187.25,2137.39,1314.05,1551.97,1626.23,1851.36,898.57,810.83,830.44,969.74,1007.04,587.99,1053.35,1029.64,1507.44,1199.64,1632.59,1630.31,1158.52,1366.1,1520.58,1913.6,1949.0,31733.63,11000.0
2026-02-09 20:37:50,1000.0,1194.16,2137.39,1314.05,1554.9,1690.62,1851.36,931.96,834.49,863.84,998.23,1018.8,603.45,1070.82,1039.7,1543.43,1199.64,1678.34,1705.94,1209.41,1402.32,1563.1,1951.62,1987.17,32344.75,11000.0
2026-02-09 21:26:12,1000.0,1205.87,2137.39,1314.05,1608.43,1708.4,1851.36,943.76,843.79,884.01,1041.03,1054.33,635.66,1107.17,1087.42,1615.2,1199.64,1770.6,1775.22,1226.72,1416.43,1618.38,2013.67,2044.61,33103.17,11000.0
2026-02-09 22:04:15,1000.0,1223.53,2137.39,1314.05,1623.63,1729.16,1851.36,959.93,841.73,911.25,1068.53,1061.0,648.2,1134.99,1126.6,1649.15,1199.64,1803.78,1829.87,1257.18,1448.85,1656.38,1032.18,2055.22,32563.6,10000.0
2026-02-09 23:00:17,1000.0,1241.41,2137.39,1314.05,1644.92,1725.56,1851.36,965.87,844.32,898.35,1066.3,1080.65,656.56,1140.7,1149.18,1681.29,1199.64,1815.01,1833.84,1274.04,1496.76,1714.37,1070.48,1088.27,31890.37,9000.0
2026-02-09 23:39:56,1000.0,1260.59,2137.39,1314.05,1665.94,1752.77,1851.36,974.62,858.66,919.15,1091.02,1102.82,668.29,1169.87,1181.81,1694.96,1199.64,1844.81,1856.13,1270.06,1493.74,1710.75,1069.77,1091.01,32179.25,9000.0
2026-02-10 00:07:34,1000.0,1261.96,2137.39,1314.05,1646.41,1735.14,1851.36,968.26,852.65,911.13,1075.85,1084.51,659.18,1160.04,1177.73,1673.26,1199.64,1828.27,1830.48,1248.74,1486.11,1697.44,1056.48,1087.4,31943.51,9000.0
2026-02-10 03:31:24,1104.78,1363.51,2137.39,1314.05,1682.97,1913.03,1851.36,1070.59,930.52,1004.27,1180.25,1130.15,685.48,1236.4,1245.64,1809.87,1199.64,1966.58,2030.54,1374.89,1628.83,1860.89,1145.81,1214.22,34081.66,9000.0
2026-02-10 03:47:01,1090.94,1363.51,2137.39,1299.32,1648.18,1878.19,1851.36,1051.36,911.13,975.66,1147.1,1095.31,655.26,1201.92,1208.37,1768.07,1199.64,1937.84,1992.81,1352.85,1604.98,1831.52,1130.39,1216.77,33549.88,9000.0
2026-02-10 05:19:49,1056.55,1363.51,2137.39,1320.31,1545.81,1761.92,1851.36,975.46,845.66,901.4,1037.19,975.52,603.63,1085.69,1089.28,1654.25,1199.64,1796.56,1882.87,1342.34,1583.99,1803.06,1116.67,1206.12,32136.2,9000.0
2026-02-10 06:44:51,1051.95,1363.51,2137.39,1297.17,1545.81,1778.02,1851.36,1003.54,843.69,896.56,1038.04,993.03,606.79,1111.6,1099.95,1670.77,1199.64,1773.68,1876.59,1328.71,1578.51,1794.34,1109.61,1211.63,32161.89,9000.0
2026-02-10 07:04:56,1057.18,1363.51,2137.39,1326.21,1545.81,1856.29,1915.94,996.66,843.84,899.75,1046.77,1000.68,614.0,1123.67,1111.78,1662.69,1199.64,1796.7,1898.11,1343.89,1593.36,1810.68,1112.2,1225.48,32482.25,9000.0
2026-02-10 07:17:26,1039.77,1363.51,2137.39,1298.7,1545.81,1804.65,1851.35,982.73,839.43,896.18,1041.23,982.85,604.99,1111.82,1091.46,1645.85,1199.64,1772.3,1878.08,1333.12,1590.42,1806.91,1106.69,1204.26,32129.14,9000.0
2026-02-10 07:46:59,1060.91,1363.51,2137.39,1337.62,1545.81,1777.33,1861.49,992.5,852.58,904.64,1068.69,996.85,609.44,1135.0,1092.49,1664.22,1199.64,1813.72,1893.9,1328.46,1589.74,1805.76,1121.12,1237.31,32390.14,9000.0
2026-02-10 08:32:54,871.24,1363.51,2137.39,1311.39,1545.81,1683.3,1518.36,832.01,690.7,739.11,877.81,779.36,496.87,925.43,857.23,1428.73,1199.64,1530.97,1632.88,1150.25,1368.41,1523.46,932.67,1218.08,28614.63,9000.0
2026-02-10 09:44:50,1085.66,1363.51,2137.39,1274.79,1545.81,1652.8,1822.6,935.17,682.21,951.95,1124.54,977.58,607.54,1119.02,1013.51,1683.47,1199.64,1769.67,1885.94,1332.15,1595.03,1865.42,1159.83,1186.9,31972.14,9000.0
2026-02-10 10:13:14,1083.89,1363.51,2137.39,1251.9,1545.81,1645.22,1810.57,916.13,664.98,931.83,1118.36,963.74,603.81,1106.6,985.89,1652.35,1199.64,1748.71,1899.61,1337.51,1593.14,1863.65,1147.68,1191.57,32763.51,10000.0
2026-02-10 10:20:04,1078.06,1363.51,2137.39,1248.96,1545.81,1642.99,1798.63,915.17,668.66,934.34,1118.42,960.55,597.73,1105.2,979.17,1643.24,1199.64,1735.97,1887.99,1327.76,1582.93,1851.82,1144.46,1184.8,32653.2,10000.0
2026-02-10 10:27:09,1062.74,1363.51,2137.39,1245.58,1545.81,1639.19,1782.79,912.53,672.17,932.56,1117.1,963.15,587.74,1093.95,971.6,1630.54,1199.64,1714.68,1850.94,1315.62,1569.11,1835.85,1142.59,1167.46,32458.15,10000.0
2026-02-10 10:41:28,1074.37,1363.51,2137.39,1250.09,1545.81,1622.32,1780.87,922.7,687.27,958.43,1149.09,959.07,578.85,1095.95,970.14,1627.17,1199.64,1720.73,1855.38,1319.49,1576.49,1844.12,1145.0,1183.28,32564.56,10000.0
2026-02-10 11:38:51,1012.02,1363.51,2137.39,1212.09,1545.81,1623.42,1702.95,910.24,659.63,919.8,1093.09,892.61,540.44,1090.87,923.87,1584.36,1199.64,1576.12,1756.81,1240.77,1484.7,1738.07,1082.87,1113.92,31367.03,10000.0
2026-02-10 12:40:01,1023.74,1363.51,2137.39,1207.01,1545.81,1634.89,1608.47,962.74,645.82,906.25,1045.46,869.86,532.41,1085.83,906.43,1551.66,1199.64,1564.2,1766.73,1258.55,1516.35,1774.14,1088.22,1132.77,31237.23,10000.0
2026-02-10 12:44:46,1013.71,1363.51,2137.39,1202.25,1545.81,1622.6,1594.69,959.67,642.22,896.18,1030.23,860.06,524.31,1079.81,888.61,1535.6,1199.64,1534.84,1743.92,1248.28,1503.28,1758.92,1082.3,1119.61,31004.81,10000.0
2026-02-10 13:14:38,966.58,1363.51,2137.39,1144.86,1545.81,1574.58,1499.78,910.6,624.71,855.08,985.9,802.87,506.33,1042.39,838.49,1508.31,1199.64,1420.85,1659.56,1193.48,1442.46,1688.86,1027.02,1065.15,29910.85,10000.0
2026-02-10 13:35:52,958.81,1363.51,2137.39,1135.9,1545.81,1584.29,1520.1,922.03,620.69,848.36,984.25,807.89,503.22,1042.35,860.26,1508.23,1199.64,1461.32,1660.94,1181.36,1438.38,1683.79,1022.68,1058.94,29980.0,10000.0
2026-02-10 13:55:44,948.45,1363.51,2137.39,1120.38,1545.81,1507.79,1416.0,901.74,592.64,812.13,939.43,774.05,476.67,991.11,837.37,1519.7,1199.64,1383.58,1655.56,1181.96,1441.1,1686.69,1009.8,1047.29,29415.46,10000.0
2026-02-10 14:11:00,925.1,1363.51,2137.39,1080.95,1545.81,1507.38,1359.57,884.93,571.21,783.02,896.47,741.25,462.52,967.45,835.24,1505.32,1199.64,1351.58,1626.66,1169.36,1417.62,1659.42,985.83,1018.73,28909.41,10000.0
2026-02-10 15:24:00,814.81,1363.51,2137.39,960.77,1545.81,1362.38,1158.13,774.98,518.68,707.54,815.83,673.92,428.11,902.55,783.68,1386.46,1199.64,1119.26,1478.16,1075.16,1292.44,1513.48,880.16,891.63,26689.45,10000.0
2026-02-10 16:40:21,795.01,1363.51,2137.39,944.02,1545.81,1445.11,1124.99,793.29,528.01,728.61,838.84,683.58,434.26,906.51,791.41,1388.73,1199.64,1129.73,1444.11,1038.95,1258.53,1474.74,861.58,852.27,26604.64,10000.0
2026-02-10 17:45:58,761.24,1363.51,2137.39,926.56,1545.81,1446.02,1143.03,788.67,525.07,721.16,832.51,671.02,432.26,906.84,791.11,1366.89,1190.83,1099.5,1373.37,1010.49,1220.4,1431.72,819.32,782.79,26224.55,10000.0
2026-02-10 18:46:38,820.49,1363.51,2137.39,1034.5,1545.81,1570.26,1277.45,878.39,574.18,788.93,897.98,723.44,458.65,964.59,838.3,1442.45,1256.03,1147.54,1456.54,1061.71,1270.22,1490.22,878.54,850.68,27648.28,10000.0
2026-02-10 19:49:48,804.68,1363.51,2137.39,988.75,1545.81,1496.81,1228.73,852.66,547.17,741.77,845.9,697.13,440.27,922.86,813.59,1419.9,1240.2,1131.42,1432.8,1036.92,1233.65,1447.64,856.52,834.93,27004.99,10000.0
2026-02-10 20:42:17,786.26,1363.51,2137.39,966.05,1545.81,1484.22,1220.85,819.88,550.26,742.88,860.48,701.5,445.55,942.79,821.48,1426.1,1233.24,1127.79,1428.49,1033.78,1222.74,1434.88,831.05,806.59,26882.1,10000.0
2026-02-10 21:31:32,766.36,1363.51,2137.39,979.97,1545.81,1505.28,1217.64,815.08,544.74,746.24,861.0,705.06,443.87,936.66,822.01,1438.95,1233.14,1136.44,1432.98,1037.09,1232.33,1408.21,839.05,801.88,26917.96,10000.0
2026-02-10 22:10:41,785.05,1363.51,2137.39,981.93,1545.81,1501.04,1201.19,822.63,550.87,749.71,864.56,702.72,443.28,930.94,818.23,1426.55,1227.27,1127.78,1433.36,1037.13,1223.0,1406.53,858.44,821.76,26920.56,10000.0
2026-02-10 23:03:00,732.64,1363.51,2137.39,926.14,1545.81,1449.47,1149.02,769.78,534.28,742.97,858.23,686.99,441.57,915.22,819.43,1415.21,1217.66,1109.03,1407.15,1019.6,1200.75,1371.16,834.5,769.4,26345.33,10000.0
2026-02-10 23:48:39,753.13,1363.51,2137.39,941.03,1545.81,1476.14,1192.35,787.73,552.92,773.29,890.49,706.86,453.64,938.32,840.56,1444.28,1251.91,1134.53,1442.66,1044.23,1229.88,1429.17,869.73,800.15,26919.14,10000.0
2026-02-11 01:06:28,777.76,1363.51,2137.39,987.77,1545.81,1322.14,1197.66,723.7,538.18,706.85,855.69,671.13,438.38,909.34,814.73,1394.86,1220.63,1106.41,1362.08,986.74,1197.26,1342.46,842.54,775.08,26135.21,10000.0
2026-02-11 04:06:34,777.76,1354.46,2137.39,934.39,1545.81,1099.78,1119.51,607.8,515.93,623.87,806.18,644.46,412.91,872.21,773.5,1347.24,1195.08,1081.56,1347.86,976.92,1169.79,1315.37,814.33,750.17,25110.74,10000.0
2026-02-11 05:47:21,777.76,1352.29,2137.39,934.39,1543.27,1035.88,1132.16,630.98,534.8,619.05,792.72,638.0,405.82,856.98,764.63,1341.63,1190.42,1060.35,1316.84,955.12,1145.66,1307.95,812.37,748.21,24908.64,10000.0
2026-02-11 06:47:48,777.76,1310.34,2137.39,934.39,1514.04,1006.3,1049.23,607.92,508.34,576.84,736.76,611.43,380.24,814.02,729.18,1317.69,1156.61,1030.73,1256.49,913.15,1111.84,1226.66,773.43,713.53,24029.71,10000.0
2026-02-11 07:44:05,777.76,1250.97,2137.39,934.39,1404.08,924.77,981.08,533.86,480.66,512.89,667.29,568.51,348.07,745.94,681.64,1262.73,1108.93,982.4,1207.72,879.7,1057.26,1163.18,723.62,669.51,22842.81,10000.0
2026-02-11 08:30:19,777.76,1230.09,2137.39,934.39,1405.5,929.74,990.38,536.72,461.26,510.47,651.84,546.56,338.84,723.65,677.22,1233.96,1066.86,933.52,1165.42,848.89,1001.99,1144.85,699.64,647.27,22427.17,10000.0
2026-02-11 09:30:54,777.76,1194.67,2137.39,934.39,1378.65,916.12,974.95,534.66,459.93,476.89,614.04,510.15,321.75,693.5,633.16,1159.18,1024.08,907.92,1121.47,818.1,971.7,1111.95,683.02,633.07,21801.24,10000.0
2026-02-11 10:29:38,777.76,1210.92,2137.39,934.39,1380.08,911.97,978.84,529.67,462.49,486.17,636.53,505.34,329.63,709.24,644.64,1150.05,1035.52,915.38,1120.68,817.31,980.08,1141.3,705.76,653.67,21951.7,10000.0
2026-02-11 11:28:46,777.76,1309.53,2137.39,934.39,1504.41,1008.06,1078.45,585.64,508.21,531.6,702.73,592.12,379.28,802.03,727.86,1274.53,1134.09,1001.59,1232.56,895.81,1077.57,1246.37,776.28,716.87,23683.53,10000.0
2026-02-11 12:05:13,777.76,1234.14,2137.39,934.39,1417.32,948.48,1042.72,562.98,487.5,496.98,660.69,550.29,354.1,750.73,692.05,1227.58,1096.04,967.28,1195.43,869.7,1039.26,1182.94,731.5,676.5,22815.41,10000.0
2026-02-11 13:52:28,777.76,1204.5,2137.39,934.39,1289.09,861.75,963.19,508.41,436.29,497.81,664.2,528.02,327.16,714.77,649.33,1168.05,1062.73,947.12,1161.04,845.12,1017.79,1142.21,708.6,654.99,21990.79,10000.0
2026-02-11 14:53:27,777.76,1301.89,2137.39,934.39,1404.69,926.5,1039.07,548.66,483.29,545.24,718.09,579.8,360.84,789.27,720.84,1300.85,1170.53,1031.63,1284.62,933.82,1110.49,1242.72,766.11,709.2,23576.96,10000.0
2026-02-11 16:00:20,777.76,1331.28,2137.39,934.39,1438.57,945.61,1067.89,532.76,510.68,570.35,703.02,581.52,366.05,789.03,797.3,1203.43,1161.15,1020.7,1269.45,921.17,1101.31,1240.25,767.34,706.67,23537.28,10000.0
2026-02-11 17:07:45,777.76,1410.22,2137.39,934.39,1527.87,1008.39,1127.53,559.08,535.44,603.59,752.99,622.83,391.08,849.67,795.49,1203.43,1233.57,1085.2,1350.56,979.41,1171.15,1331.01,824.15,760.74,24546.0,10000.0
2026-02-11 18:12:50,777.76,1373.24,2137.39,934.39,1509.66,985.43,1125.67,539.88,538.87,603.88,737.35,624.14,393.37,830.74,793.18,1203.43,1229.94,1040.24,1332.26,966.59,1161.23,1290.14,803.15,741.99,24291.22,10000.0
2026-02-11 19:22:03,777.76,1378.07,2137.39,934.39,1550.82,1009.5,1142.38,538.35,549.38,609.53,733.26,650.28,407.79,833.07,807.38,1203.43,1217.2,1011.68,1309.76,970.71,1169.62,1304.03,814.74,751.88,24492.59,10000.0
2026-02-11 20:05:32,777.76,1484.15,2137.39,934.39,1651.15,1079.68,1205.14,571.12,575.8,629.63,759.55,686.63,422.28,844.44,790.34,1203.43,1177.06,959.09,1246.11,932.53,1258.22,1403.94,878.86,810.33,25127.5,10000.0
2026-02-11 20:57:56,777.76,1467.32,2137.39,934.39,1641.02,1082.24,1227.88,525.2,589.02,648.22,714.06,707.46,437.6,842.43,774.98,1203.43,1058.97,847.76,1137.48,827.55,1157.12,1387.05,870.34,803.05,24561.53,10000.0
2026-02-11 21:33:51,777.76,1467.52,2137.39,934.39,1616.74,1054.72,1191.77,508.21,575.59,635.31,705.75,690.69,428.49,846.76,776.01,1203.43,1043.67,839.52,1121.17,828.99,1149.4,1379.76,867.36,800.22,24310.43,10000.0
2026-02-11 22:05:32,777.76,1504.31,2137.39,934.39,1670.97,1092.05,1222.28,484.65,589.91,649.83,680.68,711.8,441.93,883.16,822.36,1203.43,1029.26,812.44,1099.35,811.89,1115.32,1335.87,888.44,818.24,24436.23,10000.0
2026-02-11 22:51:54,777.76,1485.78,2137.39,934.39,1690.04,1093.27,1217.04,499.19,593.73,641.84,684.43,726.78,447.19,899.19,839.53,1203.43,1064.48,888.6,1176.36,885.81,1202.25,1394.28,900.79,785.17,24882.58,10000.0
2026-02-11 23:29:35,777.76,1508.21,2137.39,934.39,1724.74,1105.68,1232.87,521.65,597.09,649.99,712.7,736.72,444.28,910.22,865.75,1203.43,1125.75,951.18,1241.47,938.35,1270.19,1461.48,934.76,803.37,25477.19,10000.0
2026-02-11 23:56:39,777.76,1534.78,2137.39,934.39,1763.77,1133.56,1271.6,526.5,600.81,651.28,718.02,751.25,456.67,904.59,864.12,1203.43,1136.64,923.15,1212.16,910.17,1243.52,1458.59,936.32,817.03,25556.79,10000.0
2026-02-12 01:52:44,777.76,1515.62,2137.39,934.39,1737.63,1131.01,1274.06,538.08,604.34,644.84,710.67,746.47,455.4,839.24,787.01,1203.43,1027.79,778.77,1050.52,800.17,1111.38,1289.66,844.44,755.61,24535.62,10000.0
2026-02-12 10:27:46,777.76,1898.21,2137.39,934.39,1754.61,1195.01,1266.23,599.14,610.06,658.08,773.27,755.68,466.32,865.84,791.35,1203.43,1143.75,896.06,1162.0,897.55,1207.81,1413.0,942.65,893.5,25857.24,10000.0
2026-02-12 10:29:53,777.76,1910.23,2137.39,934.39,1754.61,1195.01,1266.23,599.14,610.06,658.08,779.66,754.35,464.78,875.12,798.85,1203.43,1146.15,899.54,1170.63,903.38,1216.42,1426.7,954.04,904.21,25956.54,10000.0
2026-02-12 10:37:00,777.76,1912.36,2137.39,934.39,1754.61,1195.01,1266.23,599.14,610.06,658.08,777.59,752.45,465.36,873.58,799.77,1203.43,1151.98,912.44,1184.04,914.12,1228.82,1436.71,958.83,904.99,26037.38,10000.0
2026-02-12 11:15:17,777.76,1889.9,2137.39,934.39,1754.61,1195.01,1266.23,599.14,610.06,658.08,811.32,735.77,455.24,851.66,773.47,1203.43,1118.05,886.79,1148.65,887.09,1201.58,1393.53,931.6,882.06,25669.93,10000.0
2026-02-12 11:58:20,777.76,1824.88,2137.39,934.39,1754.61,1195.01,1266.23,599.14,610.06,658.08,764.39,699.78,441.07,823.26,743.26,1203.43,1045.07,806.24,1046.6,816.01,1105.72,1303.55,882.04,830.78,24869.4,10000.0
2026-02-12 13:08:39,777.76,1875.86,2137.39,934.39,1754.61,1195.01,1266.23,599.14,610.06,658.08,833.97,773.58,446.52,853.39,759.7,1203.43,1101.44,863.44,1111.6,866.3,1165.0,1353.0,912.05,866.28,25465.06,10000.0
2026-02-12 14:18:21,777.76,1850.55,2137.39,934.39,1754.61,1195.01,1266.23,599.14,610.06,658.08,827.12,758.08,446.52,829.18,751.58,1203.43,1091.66,843.1,1095.54,866.59,1161.76,1344.97,904.3,877.66,25345.87,10000.0
2026-02-12 15:15:37,777.76,1861.22,2137.39,934.39,1754.61,1195.01,1266.23,599.14,610.06,658.08,791.47,734.49,446.52,816.05,740.32,1203.43,1071.13,845.04,1102.88,864.61,1157.24,1319.05,877.47,851.4,25200.68,10000.0
2026-02-12 16:12:53,777.76,1921.67,2137.39,934.39,1754.61,1195.01,1266.23,599.14,610.06,658.08,799.5,741.08,446.52,836.46,757.86,1216.03,1180.34,920.81,1185.65,935.38,1240.74,1404.71,946.77,920.77,25964.65,10000.0
2026-02-12 17:18:32,777.76,1905.35,2137.39,934.39,1754.61,1195.01,1266.23,599.14,610.06,658.08,776.17,714.67,446.52,842.32,764.34,1223.61,1158.32,926.59,1215.29,959.85,1264.89,1419.52,955.92,935.56,25953.08,10000.0
2026-02-12 18:14:17,777.76,1817.48,2137.39,934.39,1754.61,1195.01,1266.23,599.14,610.06,658.08,742.14,676.19,446.52,789.23,719.76,1169.76,1107.23,843.49,1109.39,886.29,1169.95,1316.12,888.94,875.78,25048.37,10000.0
2026-02-12 19:23:08,777.76,1761.92,2137.39,934.39,1754.61,1195.01,1266.23,599.14,610.06,658.08,726.27,666.7,446.52,775.1,707.63,1146.33,1087.3,833.08,1082.52,860.84,1140.64,1259.63,875.87,867.01,24774.95,10000.0
2026-02-12 19:58:49,777.76,1786.59,2137.39,934.39,1754.61,1195.01,1266.23,599.14,610.06,658.08,744.42,684.46,446.52,805.72,732.85,1183.97,1119.6,862.33,1089.66,875.07,1210.9,1332.13,901.43,879.55,25224.3,10000.0
2026-02-12 20:35:59,777.76,1784.34,2137.39,934.39,1754.61,1195.01,1266.23,599.14,610.06,658.08,728.69,676.57,446.52,788.36,717.86,1173.26,1102.61,854.55,1067.49,881.62,1228.36,1339.59,900.11,880.63,25140.42,10000.0
2026-02-12 21:07:49,777.76,1795.55,2137.39,934.39,1754.61,1195.01,1266.23,599.14,610.06,658.08,734.8,690.29,446.52,805.08,732.34,1189.33,1129.59,877.59,1112.06,885.55,1264.42,1353.63,910.03,890.9,25389.74,10000.0
2026-02-12 21:51:30,777.76,1774.6,2137.39,934.39,1754.61,1195.01,1266.23,599.14,610.06,658.08,732.6,678.75,446.52,794.57,723.36,1177.96,1116.37,873.67,1085.8,891.44,1273.56,1365.65,892.24,888.97,25315.56,10000.0
2026-02-12 22:29:04,777.76,1775.11,2137.39,934.39,1754.61,1195.01,1266.23,599.14,610.06,658.08,742.29,702.37,446.52,803.33,730.79,1200.05,1151.55,904.2,1146.08,942.6,1344.58,1424.42,898.23,890.0,25676.04,10000.0
2026-02-12 23:00:24,777.76,1771.38,2137.39,934.39,1754.61,1195.01,1266.23,599.14,610.06,658.08,754.73,697.63,446.52,793.14,721.82,1172.63,1141.76,876.65,1099.76,892.64,1301.2,1381.58,851.91,892.22,25466.76,10000.0
2026-02-12 23:35:34,777.76,1745.61,2137.39,934.39,1754.61,1195.01,1266.23,599.14,610.06,658.08,741.92,688.46,446.52,786.32,716.11,1132.99,1123.15,888.45,1114.25,909.34,1302.68,1402.74,883.14,919.95,25450.68,10000.0
2026-02-13 00:02:29,777.76,1741.02,2137.39,934.39,1754.61,1195.01,1266.23,599.14,610.06,658.08,751.15,691.25,446.52,798.16,726.83,1139.96,1131.48,887.2,1127.1,911.3,1300.97,1410.03,897.87,934.44,25550.74,10000.0
2026-02-13 02:59:38,884.42,1892.32,1137.39,934.39,1754.61,1195.01,1266.23,599.14,610.06,658.08,850.9,797.18,446.52,928.42,839.48,1347.81,1323.49,1047.43,1282.6,1046.56,1493.33,1584.39,1014.81,1048.16,26627.03,9000.0
2026-02-13 04:55:46,840.23,1892.32,1058.97,934.39,1754.61,1195.01,1266.23,599.14,610.06,658.08,839.34,795.56,446.52,936.37,846.47,1335.37,1313.81,1009.03,1256.46,1013.01,1447.13,1512.28,972.68,1007.44,26231.12,9000.0
2026-02-13 05:58:31,936.1,1892.32,1141.75,934.39,1863.45,1195.01,1266.23,599.14,610.06,658.08,884.83,843.4,446.52,991.2,893.6,1446.78,1416.86,1076.42,1371.46,1097.11,1553.0,1627.23,1064.46,1096.44,27557.18,9000.0
2026-02-13 06:58:28,910.64,1892.32,1079.68,934.39,1759.88,1145.46,1266.23,599.14,610.06,658.08,879.37,835.54,446.52,975.85,880.25,1417.33,1405.88,1064.38,1349.48,1069.88,1528.7,1585.19,1031.68,1065.52,27083.06,9000.0
2026-02-13 07:52:04,904.89,1892.32,1094.25,934.39,1795.41,1173.34,1308.8,599.14,610.06,658.08,879.23,835.99,446.52,974.27,878.57,1424.37,1412.67,1048.58,1335.9,1053.72,1503.1,1559.65,1024.38,1058.61,27062.0,9000.0
2026-02-13 08:39:26,872.79,1892.32,1002.62,934.39,1708.12,1112.92,1238.71,569.56,610.06,658.08,867.35,821.83,446.52,961.9,867.46,1403.44,1386.0,983.98,1273.36,1008.33,1421.72,1494.74,982.12,1018.21,26241.43,9000.0
2026-02-13 09:29:56,829.96,1892.32,949.49,934.39,1610.46,1068.85,1185.86,544.64,580.06,658.08,822.8,784.05,446.52,925.77,836.07,1366.81,1337.15,918.44,1180.07,951.25,1334.17,1391.43,928.29,965.52,25172.83,9000.0
2026-02-13 10:11:21,822.5,1892.32,930.59,934.39,1567.99,1037.29,1156.5,527.18,559.78,646.11,828.59,788.82,446.52,931.16,840.87,1373.08,1341.32,922.94,1184.29,950.04,1339.4,1383.98,921.24,958.91,25043.72,9000.0
2026-02-13 11:03:23,823.39,1892.32,939.0,934.39,1570.28,1049.07,1166.42,534.85,561.51,640.6,832.95,776.46,446.52,918.23,830.05,1355.91,1323.74,912.68,1169.34,943.16,1323.26,1368.44,923.3,960.48,24917.35,9000.0
2026-02-13 11:49:25,799.69,1892.32,907.51,934.39,1529.43,1036.63,1138.41,526.2,550.95,633.93,812.61,761.05,446.52,915.07,827.47,1359.62,1319.3,909.1,1154.28,928.69,1307.6,1328.77,899.58,936.65,24599.64,9000.0
2026-02-13 12:51:03,825.47,1892.32,967.59,934.39,1608.42,1087.28,1192.02,558.18,582.45,668.52,859.17,786.43,446.52,898.21,813.68,1334.07,1295.86,952.41,1196.76,973.8,1362.47,1389.64,926.47,959.49,25267.64,9000.0
2026-02-13 14:03:20,805.89,1892.32,920.02,934.39,1554.31,1058.01,1170.82,562.82,581.28,664.21,885.33,805.72,448.24,854.66,775.76,1264.47,1228.36,944.04,1181.23,966.51,1345.55,1345.22,909.32,939.45,24850.3,9000.0
2026-02-13 14:51:56,805.24,1892.32,917.84,934.39,1553.13,1063.19,1189.6,582.23,585.43,664.48,868.27,769.85,435.92,854.66,752.82,1243.97,1206.85,935.97,1187.86,977.36,1354.42,1348.22,915.93,944.77,24845.35,9000.0
2026-02-13 15:39:35,804.86,1892.32,907.1,934.39,1540.5,1056.53,1162.88,573.1,568.86,658.54,842.56,756.69,423.39,854.66,746.04,1223.72,1202.95,941.09,1189.0,982.44,1360.11,1370.05,919.95,948.67,24765.33,9000.0
2026-02-13 16:28:12,788.9,1892.32,899.66,934.39,1535.21,1032.25,1106.66,564.83,554.67,666.95,843.07,749.0,423.31,854.66,761.4,1234.41,1152.0,916.12,1195.74,983.82,1346.22,1341.36,903.72,929.5,24508.78,9000.0
2026-02-13 17:15:06,745.07,1892.32,854.73,934.39,1468.94,965.38,1016.61,537.84,522.84,644.19,804.01,753.62,426.81,854.66,750.97,1212.78,1128.16,886.34,1148.34,945.66,1300.73,1260.54,852.5,877.49,23742.69,9000.0
2026-02-13 17:59:27,694.96,1892.32,848.71,934.39,1464.0,972.6,1039.25,546.56,541.72,629.79,802.52,761.4,425.91,854.66,728.32,1223.22,1127.64,873.86,1080.18,908.09,1226.28,1180.1,796.12,818.69,23331.76,9000.0
2026-02-13 18:54:24,673.54,1892.32,830.17,934.39,1438.72,962.12,1003.25,528.24,528.51,605.41,766.0,740.95,423.76,854.66,716.61,1216.5,1125.97,857.07,1049.81,891.55,1201.02,1158.2,769.28,791.88,22966.35,9000.0
2026-02-13 19:42:34,683.51,1892.32,849.91,934.39,1462.73,983.04,1012.55,527.08,524.45,605.14,752.84,715.64,407.82,854.66,712.92,1208.54,1123.46,865.66,1047.42,891.83,1196.33,1192.58,778.48,802.24,23039.46,9000.0
2026-02-13 20:08:29,710.13,1892.32,860.64,934.39,1475.72,981.43,1018.06,536.87,532.33,615.51,781.58,731.53,420.8,854.66,723.98,1212.64,1153.82,884.8,1073.76,913.9,1232.71,1231.23,807.04,830.78,23385.65,9000.0
2026-02-13 20:59:25,726.59,1892.32,900.22,934.39,1525.37,1017.79,1036.56,535.78,527.78,609.39,758.64,704.18,409.06,854.66,727.19,1230.85,1131.28,871.05,1061.1,903.93,1218.25,1281.69,823.99,847.71,23512.64,9000.0
2026-02-13 21:34:43,701.96,1892.32,867.15,934.39,1466.53,979.9,991.69,528.31,504.54,591.86,759.23,711.33,415.28,854.66,728.57,1216.57,1110.11,848.98,1060.76,902.46,1216.85,1248.29,795.38,819.15,23112.38,9000.0
2026-02-13 22:06:03,694.8,1892.32,855.78,934.39,1447.45,958.67,961.45,512.7,473.75,565.47,709.74,674.7,395.4,854.66,708.56,1193.86,1089.52,826.06,1029.23,875.96,1180.18,1223.07,788.68,813.3,22601.71,9000.0
2026-02-13 22:54:24,691.84,1892.32,891.07,934.39,1491.28,991.07,1014.76,532.2,499.61,574.9,730.38,697.82,409.17,854.66,727.83,1201.16,1091.31,828.46,1036.82,882.34,1187.88,1222.88,800.26,810.35,22972.5,9000.0
2026-02-13 23:29:33,691.99,1892.32,893.15,934.39,1486.97,923.66,954.42,493.33,453.21,527.35,659.21,632.21,396.5,854.66,660.25,1189.61,1098.37,786.34,979.02,832.43,1118.86,1162.29,756.71,815.21,22137.55,9000.0
2026-02-13 23:55:52,697.16,1892.32,885.0,934.39,1480.28,911.26,935.5,488.19,439.71,511.07,636.35,611.72,389.81,854.66,638.96,1168.84,1097.53,783.2,970.88,825.39,1109.43,1153.03,751.53,805.56,21917.05,9000.0
2026-02-14 01:45:38,721.77,1892.32,931.55,934.39,1571.1,940.31,974.75,474.74,434.32,509.03,640.73,620.83,404.19,854.66,647.88,1184.02,1073.09,739.91,933.94,794.95,1067.2,1170.11,779.43,791.54,22071.99,9000.0
2026-02-14 03:59:06,721.77,2013.04,879.97,934.39,1484.75,927.99,967.96,432.86,409.02,501.18,655.69,621.84,412.47,854.66,671.49,1200.76,1192.03,835.71,1040.57,886.25,1194.55,1259.09,841.88,884.29,22739.38,9000.0
2026-02-14 05:10:35,721.77,2043.37,879.97,940.49,1700.87,1049.81,1118.14,504.66,494.09,528.53,709.13,638.53,427.58,854.66,700.23,1307.74,1229.46,850.8,1051.15,895.1,1205.32,1262.47,826.08,902.12,23740.53,9000.0
2026-02-14 06:01:20,721.77,2082.52,879.97,970.04,1700.87,1082.36,1139.42,506.57,509.81,545.25,733.09,659.95,435.02,854.66,711.29,1339.17,1248.52,871.43,1066.5,908.4,1223.71,1283.99,837.01,910.82,24118.22,9000.0
2026-02-14 06:57:40,721.77,2159.87,879.97,1006.15,1700.87,1126.13,1182.13,512.18,523.32,543.09,753.3,671.39,447.81,854.66,723.06,1395.07,1291.11,895.06,1103.6,939.42,1267.35,1323.47,854.27,933.57,24709.18,9000.0
2026-02-14 07:34:12,721.77,2246.36,879.97,1051.53,1700.87,1181.43,1229.06,558.38,570.92,605.13,818.54,738.73,451.32,854.66,786.79,1402.4,1299.74,959.52,1170.36,997.57,1347.53,1410.79,907.08,977.42,25784.55,9000.0
2026-02-14 08:01:53,721.77,2227.47,879.97,1045.56,1700.87,1176.54,1214.19,555.63,554.65,595.3,802.05,724.95,440.87,854.66,775.05,1384.14,1312.96,961.36,1158.02,987.55,1333.82,1403.44,899.82,971.89,25603.04,9000.0
2026-02-14 08:42:21,721.77,2154.97,879.97,1001.32,1700.87,1120.77,1165.33,535.1,534.33,589.02,791.93,710.56,427.58,854.66,758.65,1329.94,1250.39,915.28,1113.73,949.72,1280.47,1349.95,868.44,944.3,24875.64,9000.0
2026-02-14 09:06:46,721.77,2033.87,879.97,933.32,1700.87,1025.57,1090.62,488.79,488.87,570.28,732.52,655.28,388.46,854.66,696.13,1232.46,1200.33,880.1,1042.17,890.2,1196.04,1248.48,806.16,900.09,23588.91,9000.0
2026-02-14 09:49:06,721.77,2010.87,879.97,924.89,1700.87,995.43,1076.94,477.97,478.31,555.98,742.4,657.53,387.44,854.66,701.65,1201.87,1178.38,864.92,1017.71,869.7,1167.93,1220.89,794.94,906.7,23307.94,9000.0
2026-02-14 10:24:59,721.77,1918.21,879.97,883.93,1700.87,955.23,1046.69,467.77,468.44,542.54,732.73,634.72,389.1,854.66,680.66,1151.3,1171.84,853.1,991.22,847.73,1137.41,1199.59,786.54,885.98,22824.98,9000.0
2026-02-14 10:55:35,721.77,1920.43,879.97,886.45,1700.87,951.27,1056.48,468.38,469.14,543.17,738.97,613.86,371.24,854.66,652.67,1150.07,1164.49,847.5,978.56,837.42,1122.72,1181.81,769.96,874.5,22686.49,9000.0
2026-02-14 11:22:22,721.77,1868.43,879.97,861.43,1700.87,929.01,1010.92,450.36,451.59,526.5,718.04,576.46,359.1,854.66,635.95,1113.95,1169.36,850.06,961.21,823.06,1101.81,1151.94,745.21,850.72,22239.62,9000.0
2026-02-14 11:47:08,721.77,1886.39,879.97,842.89,1700.87,914.72,1024.53,452.0,452.91,522.78,715.15,567.84,352.51,854.66,612.8,1116.52,1150.31,827.61,950.04,812.95,1087.25,1138.92,730.67,848.52,22109.56,9000.0
2026-02-14 11:59:43,721.77,1864.85,879.97,835.32,1700.87,909.32,1016.12,452.85,453.98,524.89,717.55,570.07,352.2,854.66,617.47,1115.8,1160.32,834.44,947.35,811.26,1084.65,1136.19,732.6,842.77,22078.16,9000.0
2026-02-14 12:49:21,721.77,1758.57,879.97,789.42,1700.87,848.89,937.65,409.45,411.2,489.04,673.23,546.27,347.08,854.66,587.83,1063.74,1127.91,814.55,894.07,766.89,1021.59,1071.98,705.4,804.29,21179.04,9000.0
2026-02-14 13:42:52,721.77,1804.18,879.97,809.79,1700.87,883.51,995.84,449.37,450.68,520.06,714.92,576.29,356.69,854.66,559.15,1123.89,1134.28,814.62,910.67,780.75,1040.7,1091.64,710.71,798.14,21609.76,9000.0
2026-02-14 14:06:19,721.77,1825.05,879.97,822.11,1700.87,893.69,997.27,445.13,446.79,518.65,708.34,574.71,357.98,856.51,547.95,1121.0,1155.93,829.02,917.34,786.57,1049.63,1100.63,715.32,809.74,21723.53,9000.0
2026-02-14 14:47:28,721.77,1794.52,879.97,812.99,1700.87,879.81,994.95,448.5,450.24,522.15,716.77,577.66,355.49,825.94,532.85,1122.29,1154.7,818.11,898.15,770.3,1026.83,1073.33,701.14,789.1,21537.44,9000.0
2026-02-14 15:04:31,721.77,1731.07,879.97,779.41,1700.87,847.39,963.1,430.87,433.3,504.64,693.79,563.1,349.07,816.17,526.52,1073.16,1147.68,819.95,870.91,748.35,995.25,1039.26,677.29,764.11,21045.9,9000.0
2026-02-14 15:43:56,721.77,1762.36,879.97,798.85,1700.87,869.99,978.02,438.8,440.78,515.4,700.41,571.34,356.42,838.63,542.03,1100.13,1171.14,831.82,900.9,773.35,1030.69,1073.81,699.8,786.0,21448.66,9000.0
